user_id,district,signup_date,first_active_date,activity_date,sessions,session_duration_min,orders,total_spent,activated,retained_7d,retained_30d,platform,device,acquisition_source,age_group
1,C,11/11/2025,8/14/2025,11/6/2025,30,1.42,15,2046.23,true,true,true,iOS,Tablet,Social Media,45-54
2,E,5/8/2025,6/28/2025,5/22/2025,13,37.17,20,1041.81,false,true,true,iOS,Tablet,Referral,35-44
3,C,2/15/2025,2/2/2025,1/11/2025,18,17.57,17,2075.23,true,true,false,Web,Tablet,Organic,45-54
4,C,5/30/2025,2/25/2025,4/29/2025,22,149.01,1,2122.86,true,false,true,Android,Desktop,Organic,35-44
5,C,2/13/2025,7/29/2025,6/23/2025,22,120.76,0,3755.08,true,true,false,Web,Desktop,Paid Search,18-24
6,D,10/30/2025,6/18/2025,2/20/2025,5,16.51,8,2003.69,true,false,true,Android,Mobile,Social Media,35-44
7,B,11/18/2025,8/18/2025,12/4/2025,8,75.11,1,1344.6,false,true,false,iOS,Tablet,Organic,18-24
8,E,7/26/2025,12/14/2025,12/7/2025,2,21.11,0,3071.36,false,false,true,iOS,Tablet,Organic,35-44
9,C,4/9/2025,1/30/2025,7/6/2025,12,7.12,18,531.01,false,false,false,Web,Desktop,Paid Search,45-54
10,B,2/27/2025,10/25/2025,7/9/2025,9,146.89,3,2352.02,false,true,true,Android,Tablet,Referral,35-44
11,B,2/8/2025,12/5/2025,12/25/2025,15,126.68,5,3265.83,true,true,false,Android,Desktop,Referral,25-34
12,E,8/15/2025,3/19/2025,9/20/2025,17,28.78,18,3550.09,false,false,true,Web,Tablet,Social Media,55+
13,E,4/16/2025,4/25/2025,9/25/2025,25,24.27,9,2890.62,false,true,false,Web,Mobile,Organic,18-24
14,C,12/20/2025,8/9/2025,1/6/2025,29,91.83,13,4057.44,false,true,true,Android,Mobile,Paid Search,18-24
15,D,7/20/2025,3/9/2025,7/20/2025,7,135.81,10,1517.32,true,false,true,Web,Tablet,Paid Search,45-54
16,E,11/20/2025,5/2/2025,4/22/2025,18,14.2,15,279.9,true,false,false,iOS,Mobile,Organic,55+
17,C,10/7/2025,3/8/2025,1/11/2025,19,97.44,13,3980.78,false,true,false,Web,Mobile,Referral,55+
18,E,5/8/2025,8/22/2025,11/17/2025,29,176.32,17,4919.07,true,false,false,Web,Mobile,Organic,55+
19,B,10/6/2025,8/4/2025,8/31/2025,22,14.04,9,3351.8,false,true,true,iOS,Tablet,Paid Search,25-34
20,C,5/31/2025,11/25/2025,7/5/2025,8,122.15,13,4237.89,true,true,false,Web,Mobile,Social Media,18-24
21,A,6/28/2025,8/26/2025,11/5/2025,29,4.52,14,2786.55,true,false,true,Web,Desktop,Paid Search,35-44
22,A,10/4/2025,6/19/2025,5/22/2025,24,161.04,8,2930.07,false,true,true,Web,Tablet,Referral,55+
23,A,1/12/2025,12/25/2025,1/31/2025,11,46.05,16,3119.93,true,false,false,Web,Tablet,Paid Search,55+
24,E,1/30/2025,10/31/2025,8/30/2025,27,52.02,8,1618.26,true,false,false,iOS,Tablet,Referral,35-44
25,E,4/18/2025,10/7/2025,4/27/2025,29,25.56,16,208.17,true,true,false,Android,Desktop,Referral,25-34
26,A,4/4/2025,4/23/2025,10/19/2025,4,67.03,0,567.26,false,true,false,iOS,Desktop,Social Media,35-44
27,D,4/15/2025,5/15/2025,1/11/2025,7,180.0,16,4897.62,false,true,true,Android,Tablet,Organic,55+
28,E,1/10/2025,8/17/2025,7/13/2025,10,14.63,19,2120.13,false,true,true,iOS,Tablet,Paid Search,55+
29,E,11/25/2025,2/24/2025,11/20/2025,18,167.79,7,2900.08,false,false,false,Web,Desktop,Paid Search,55+
30,C,1/17/2025,1/28/2025,8/27/2025,25,101.47,1,2607.85,true,true,true,Android,Mobile,Social Media,25-34
31,B,10/1/2025,5/13/2025,6/2/2025,23,19.6,0,2321.27,false,false,false,Web,Tablet,Referral,25-34
32,D,1/12/2025,11/1/2025,1/23/2025,21,147.64,15,3090.98,false,false,true,Android,Desktop,Organic,25-34
33,C,7/27/2025,6/29/2025,11/9/2025,27,92.62,6,92.2,true,false,true,iOS,Mobile,Referral,25-34
34,C,12/25/2025,7/7/2025,11/28/2025,8,33.24,13,4979.17,false,false,false,Web,Mobile,Paid Search,18-24
35,D,5/5/2025,3/22/2025,3/22/2025,20,60.73,7,2845.2,true,true,false,iOS,Desktop,Referral,35-44
36,D,10/9/2025,4/4/2025,3/13/2025,14,58.78,2,4857.83,true,true,false,Android,Desktop,Paid Search,45-54
37,A,9/8/2025,6/12/2025,11/2/2025,5,34.84,1,3572.82,true,true,false,Web,Tablet,Paid Search,55+
38,B,6/20/2025,1/30/2025,4/15/2025,16,54.07,2,44.52,false,false,false,Web,Tablet,Social Media,35-44
39,A,3/15/2025,8/13/2025,3/11/2025,30,165.12,8,1309.09,false,true,true,Web,Desktop,Referral,25-34
40,D,5/6/2025,3/8/2025,2/14/2025,22,28.64,4,1653.45,true,false,true,Web,Tablet,Paid Search,18-24
41,D,1/26/2025,5/5/2025,8/13/2025,20,169.04,7,4104.64,true,false,false,Android,Desktop,Social Media,45-54
42,E,2/27/2025,3/27/2025,11/28/2025,9,70.66,15,4898.39,false,true,true,Web,Tablet,Paid Search,25-34
43,E,2/8/2025,7/13/2025,9/29/2025,15,172.44,0,3573.88,true,true,false,Web,Mobile,Referral,45-54
44,B,8/15/2025,10/9/2025,11/12/2025,23,60.43,19,1090.4,true,true,true,Android,Mobile,Referral,45-54
45,C,2/15/2025,7/8/2025,9/9/2025,30,174.58,8,4514.55,false,true,false,Web,Desktop,Organic,55+
46,B,4/12/2025,6/13/2025,3/24/2025,1,172.26,10,4801.99,true,true,true,Android,Tablet,Organic,55+
47,D,7/16/2025,5/17/2025,11/17/2025,12,125.44,14,226.39,false,true,true,Web,Tablet,Referral,55+
48,E,7/6/2025,3/10/2025,9/9/2025,7,159.09,20,2577.51,true,true,false,Web,Desktop,Referral,18-24
49,E,4/10/2025,11/19/2025,3/30/2025,24,167.84,19,1044.12,false,false,true,Web,Desktop,Organic,35-44
50,B,5/22/2025,6/2/2025,3/3/2025,9,33.11,6,2610.51,true,false,true,iOS,Tablet,Social Media,45-54
51,D,10/22/2025,11/4/2025,11/7/2025,15,157.02,3,4562.12,false,false,false,iOS,Tablet,Paid Search,45-54
52,D,7/14/2025,9/19/2025,1/20/2025,8,119.34,2,1135.82,false,true,false,Web,Desktop,Organic,25-34
53,A,5/20/2025,5/18/2025,3/20/2025,27,167.36,9,2924.78,true,false,true,Android,Tablet,Referral,45-54
54,C,10/29/2025,8/12/2025,4/4/2025,13,38.82,18,3204.55,true,true,false,Web,Mobile,Referral,35-44
55,B,3/4/2025,5/11/2025,7/11/2025,5,58.51,13,4556.66,false,true,true,iOS,Mobile,Organic,35-44
56,D,8/5/2025,6/22/2025,12/18/2025,18,164.11,16,3059.0,true,false,false,Web,Tablet,Referral,18-24
57,A,9/28/2025,4/15/2025,11/6/2025,17,49.97,1,456.91,true,false,true,Web,Desktop,Organic,18-24
58,C,6/30/2025,3/29/2025,11/29/2025,11,38.76,3,4100.45,true,false,false,Android,Tablet,Paid Search,35-44
59,D,11/24/2025,9/6/2025,10/13/2025,8,15.29,3,4207.19,true,true,true,Android,Tablet,Social Media,55+
60,D,4/15/2025,7/8/2025,11/2/2025,5,49.69,17,738.53,false,false,true,Android,Desktop,Organic,18-24
61,A,10/2/2025,10/2/2025,3/3/2025,16,72.43,18,3800.94,true,true,false,Android,Tablet,Organic,18-24
62,E,10/23/2025,12/14/2025,11/9/2025,24,43.63,11,2053.37,true,true,true,Web,Tablet,Organic,45-54
63,A,3/13/2025,9/2/2025,10/31/2025,25,2.08,0,3388.59,false,false,true,Android,Mobile,Paid Search,18-24
64,B,8/1/2025,11/2/2025,12/15/2025,24,64.9,3,1677.09,true,true,true,iOS,Desktop,Social Media,45-54
65,C,11/8/2025,7/13/2025,10/1/2025,7,91.22,0,1936.48,true,true,true,Android,Desktop,Referral,18-24
66,C,11/26/2025,12/12/2025,8/29/2025,15,133.78,5,805.55,true,true,true,iOS,Mobile,Referral,18-24
67,C,6/7/2025,3/15/2025,6/26/2025,17,85.88,13,3400.1,true,false,false,iOS,Desktop,Social Media,25-34
68,E,12/30/2025,8/30/2025,11/19/2025,27,25.17,13,1308.55,false,true,true,Web,Mobile,Social Media,25-34
69,C,2/14/2025,6/13/2025,3/6/2025,24,4.71,20,1001.02,false,true,false,Android,Tablet,Organic,45-54
70,E,3/28/2025,6/1/2025,10/21/2025,13,142.52,8,1618.87,true,true,true,Web,Desktop,Organic,45-54
71,E,7/8/2025,4/5/2025,8/29/2025,19,116.96,19,3057.93,false,false,true,Android,Mobile,Referral,45-54
72,A,3/27/2025,8/27/2025,11/1/2025,12,118.52,13,1929.93,false,false,false,Android,Tablet,Social Media,45-54
73,B,8/28/2025,6/5/2025,8/9/2025,22,158.09,10,2201.65,true,false,false,Android,Desktop,Referral,35-44
74,E,8/7/2025,12/1/2025,6/11/2025,23,15.65,18,4744.27,false,true,false,Web,Mobile,Organic,55+
75,B,10/24/2025,3/6/2025,10/2/2025,17,16.62,13,2960.78,true,false,true,Web,Mobile,Referral,45-54
76,B,11/22/2025,2/20/2025,4/4/2025,9,34.54,11,3291.02,true,true,false,Web,Tablet,Social Media,55+
77,D,11/17/2025,6/7/2025,2/10/2025,2,115.03,12,244.62,false,true,true,iOS,Desktop,Referral,45-54
78,C,6/23/2025,6/21/2025,12/28/2025,10,70.4,16,3199.8,true,false,false,iOS,Desktop,Referral,35-44
79,C,5/16/2025,10/22/2025,5/1/2025,4,44.39,1,522.47,false,true,true,Web,Desktop,Referral,25-34
80,E,9/5/2025,6/11/2025,5/1/2025,10,133.2,0,1116.03,false,true,false,Web,Mobile,Paid Search,25-34
81,E,1/25/2025,6/6/2025,11/21/2025,1,31.28,10,1462.46,false,false,true,Web,Tablet,Referral,18-24
82,D,6/24/2025,5/10/2025,7/11/2025,14,87.09,8,349.65,false,false,true,iOS,Desktop,Referral,45-54
83,C,3/30/2025,11/1/2025,12/10/2025,24,30.19,14,3426.53,true,true,true,Android,Mobile,Organic,55+
84,C,2/5/2025,10/27/2025,8/15/2025,2,89.08,20,1721.09,true,false,false,Android,Mobile,Paid Search,18-24
85,B,6/8/2025,10/14/2025,2/18/2025,26,117.76,11,3986.99,true,true,false,Android,Desktop,Social Media,18-24
86,C,7/31/2025,10/27/2025,3/15/2025,5,77.49,18,3464.05,true,false,true,iOS,Tablet,Referral,55+
87,A,10/12/2025,7/14/2025,12/21/2025,17,61.16,2,1333.91,true,true,false,iOS,Mobile,Referral,55+
88,A,12/15/2025,3/3/2025,7/10/2025,18,67.5,13,941.54,true,false,true,iOS,Mobile,Organic,18-24
89,A,5/1/2025,3/7/2025,1/14/2025,18,127.2,11,3970.79,false,true,false,Web,Mobile,Organic,55+
90,B,7/25/2025,11/13/2025,9/15/2025,28,25.78,13,3015.93,true,true,false,iOS,Tablet,Referral,45-54
91,C,8/20/2025,7/24/2025,9/26/2025,27,164.24,10,1062.53,true,false,true,iOS,Desktop,Organic,45-54
92,A,6/28/2025,8/13/2025,7/10/2025,9,117.99,2,2450.06,true,false,false,Android,Tablet,Paid Search,25-34
93,D,1/3/2025,10/10/2025,6/7/2025,4,41.94,14,4860.96,true,false,true,Web,Tablet,Referral,45-54
94,D,7/21/2025,4/12/2025,4/25/2025,1,131.57,8,663.05,false,true,false,iOS,Mobile,Social Media,55+
95,C,3/30/2025,11/19/2025,9/6/2025,10,91.07,9,1494.11,true,true,false,iOS,Desktop,Organic,45-54
96,C,4/30/2025,1/25/2025,4/23/2025,4,14.38,19,4631.04,false,false,false,Android,Mobile,Organic,55+
97,A,6/22/2025,11/28/2025,12/19/2025,20,105.56,7,1964.78,true,true,true,Android,Tablet,Paid Search,18-24
98,C,8/15/2025,2/4/2025,2/13/2025,23,25.47,5,4545.37,false,true,true,Android,Desktop,Social Media,45-54
99,A,6/12/2025,4/23/2025,2/4/2025,6,178.32,15,4578.95,false,true,true,iOS,Mobile,Social Media,35-44
100,E,7/10/2025,6/18/2025,1/15/2025,15,68.74,7,1313.87,true,true,false,iOS,Desktop,Social Media,35-44
101,A,11/1/2025,8/1/2025,3/11/2025,12,107.25,19,4204.52,true,true,false,Android,Desktop,Referral,18-24
102,A,5/27/2025,7/31/2025,1/21/2025,29,149.24,0,2419.53,true,false,true,Android,Desktop,Referral,45-54
103,D,2/11/2025,6/27/2025,3/31/2025,11,156.1,6,1948.73,false,true,true,Android,Mobile,Organic,25-34
104,E,3/1/2025,5/15/2025,9/10/2025,24,147.39,17,4730.55,false,true,false,Web,Tablet,Social Media,18-24
105,C,12/5/2025,1/25/2025,2/9/2025,22,141.77,0,2700.82,true,false,false,Android,Tablet,Organic,35-44
106,D,11/15/2025,11/27/2025,8/27/2025,4,77.0,0,1894.11,true,true,true,Web,Tablet,Organic,25-34
107,B,12/12/2025,9/2/2025,1/24/2025,6,110.8,13,2402.48,false,false,true,Android,Desktop,Paid Search,25-34
108,C,4/25/2025,10/29/2025,9/15/2025,9,122.68,4,1954.25,true,true,true,Android,Desktop,Referral,35-44
109,D,11/24/2025,6/15/2025,6/7/2025,12,144.58,7,1265.58,false,false,false,Web,Mobile,Organic,35-44
110,A,12/17/2025,11/19/2025,1/20/2025,8,82.46,10,2822.03,true,true,false,Android,Tablet,Paid Search,25-34
111,B,7/11/2025,8/25/2025,8/5/2025,23,74.37,7,2762.99,true,true,true,Android,Mobile,Social Media,45-54
112,C,9/23/2025,1/9/2025,12/20/2025,12,124.19,9,2366.65,true,false,true,Android,Desktop,Social Media,18-24
113,D,1/15/2025,1/10/2025,11/4/2025,12,78.74,15,689.32,false,false,false,iOS,Tablet,Referral,55+
114,A,1/26/2025,9/3/2025,6/12/2025,26,32.74,18,2204.33,false,true,true,iOS,Tablet,Referral,25-34
115,C,9/29/2025,7/20/2025,12/8/2025,18,56.2,12,4681.92,false,false,false,Android,Tablet,Social Media,18-24
116,C,9/26/2025,7/24/2025,3/10/2025,22,113.16,10,2340.34,true,false,false,Web,Mobile,Referral,35-44
117,A,1/6/2025,10/16/2025,8/10/2025,8,75.49,0,2250.9,true,false,true,Web,Tablet,Paid Search,45-54
118,E,9/11/2025,11/19/2025,11/6/2025,5,113.56,13,2665.18,false,false,false,iOS,Mobile,Social Media,45-54
119,A,10/11/2025,4/20/2025,3/14/2025,12,175.1,16,959.9,true,false,true,Web,Mobile,Referral,55+
120,B,4/11/2025,1/9/2025,6/14/2025,26,78.8,0,688.77,false,true,true,Android,Desktop,Paid Search,35-44
121,A,9/18/2025,11/18/2025,10/8/2025,10,76.14,11,3473.48,true,true,true,iOS,Mobile,Referral,18-24
122,A,12/12/2025,5/25/2025,12/8/2025,26,143.83,7,1137.42,false,true,true,Android,Desktop,Social Media,18-24
123,D,4/17/2025,1/17/2025,10/4/2025,5,83.31,0,3686.45,true,true,false,Android,Mobile,Paid Search,25-34
124,D,8/31/2025,9/15/2025,11/28/2025,20,141.0,15,3433.76,false,true,false,iOS,Tablet,Paid Search,35-44
125,B,2/17/2025,4/11/2025,12/18/2025,7,91.79,13,1113.83,true,false,false,Android,Desktop,Social Media,35-44
126,E,2/20/2025,2/24/2025,7/5/2025,28,71.67,9,3924.93,true,false,false,Web,Mobile,Organic,18-24
127,B,8/25/2025,11/21/2025,7/20/2025,27,72.19,6,2775.73,false,false,true,Web,Tablet,Social Media,18-24
128,D,3/1/2025,1/22/2025,11/16/2025,22,175.22,16,3181.79,true,false,false,Web,Tablet,Paid Search,45-54
129,B,10/16/2025,8/7/2025,2/8/2025,29,163.91,2,3891.53,false,true,true,iOS,Mobile,Social Media,55+
130,C,11/26/2025,3/16/2025,8/24/2025,18,47.01,15,2806.47,true,false,false,iOS,Desktop,Referral,55+
131,E,3/3/2025,3/9/2025,5/29/2025,2,116.82,20,1850.17,true,false,true,Web,Desktop,Social Media,55+
132,E,8/27/2025,5/2/2025,3/7/2025,1,35.33,4,942.64,true,false,true,Web,Tablet,Paid Search,18-24
133,B,5/25/2025,2/12/2025,5/5/2025,7,153.0,8,1800.02,false,false,true,Web,Desktop,Referral,35-44
134,B,5/29/2025,8/7/2025,4/28/2025,8,86.73,8,1385.45,false,true,false,Web,Mobile,Paid Search,18-24
135,A,3/4/2025,3/1/2025,11/4/2025,27,108.26,5,380.68,false,true,true,Web,Mobile,Referral,35-44
136,B,7/6/2025,12/3/2025,6/25/2025,7,32.0,9,3227.51,true,true,false,Android,Tablet,Organic,25-34
137,D,8/31/2025,10/1/2025,5/26/2025,7,60.98,14,2156.13,true,true,false,Android,Desktop,Organic,55+
138,D,4/4/2025,2/27/2025,9/3/2025,12,19.53,16,2178.35,false,true,true,iOS,Tablet,Referral,35-44
139,B,10/30/2025,1/9/2025,6/30/2025,7,11.12,0,1461.81,false,false,false,Android,Tablet,Social Media,25-34
140,D,7/18/2025,6/9/2025,8/11/2025,28,20.88,0,4744.11,true,true,true,Web,Mobile,Paid Search,35-44
141,A,8/6/2025,5/13/2025,4/19/2025,10,52.79,5,4383.01,true,false,true,Android,Mobile,Social Media,18-24
142,A,10/28/2025,7/31/2025,11/25/2025,29,52.79,17,179.46,false,true,true,Android,Mobile,Organic,45-54
143,E,3/8/2025,4/14/2025,4/9/2025,12,11.44,18,4669.59,false,false,false,iOS,Mobile,Referral,18-24
144,E,5/12/2025,7/6/2025,4/7/2025,24,164.59,20,817.99,true,true,false,Web,Tablet,Paid Search,55+
145,B,11/20/2025,6/30/2025,10/26/2025,4,54.24,5,1194.29,false,true,false,Android,Mobile,Social Media,45-54
146,C,10/27/2025,12/20/2025,2/21/2025,11,163.24,13,4468.8,false,false,false,Android,Mobile,Social Media,25-34
147,D,1/9/2025,1/13/2025,4/11/2025,29,172.55,10,4322.93,true,true,true,iOS,Mobile,Organic,25-34
148,B,5/30/2025,11/9/2025,1/8/2025,22,179.61,5,2149.74,true,true,false,Android,Tablet,Social Media,35-44
149,A,1/27/2025,4/17/2025,7/15/2025,24,31.72,13,2534.72,false,true,false,iOS,Desktop,Organic,35-44
150,E,7/3/2025,3/22/2025,3/14/2025,5,71.64,8,370.71,true,false,false,iOS,Tablet,Social Media,45-54
151,A,2/1/2025,8/6/2025,1/13/2025,13,138.73,3,2448.84,false,false,false,Android,Mobile,Paid Search,35-44
152,E,2/3/2025,5/4/2025,6/9/2025,4,114.76,17,2653.38,false,false,true,Android,Tablet,Organic,55+
153,C,2/25/2025,10/11/2025,11/3/2025,21,105.96,17,572.54,false,false,true,Web,Tablet,Social Media,25-34
154,A,10/29/2025,6/16/2025,8/12/2025,16,71.56,9,423.44,true,true,false,Android,Desktop,Referral,25-34
155,A,11/3/2025,7/17/2025,10/14/2025,11,177.65,19,1348.99,false,false,true,iOS,Desktop,Referral,55+
156,E,8/1/2025,7/26/2025,11/30/2025,29,102.45,17,2581.15,true,false,true,Android,Tablet,Social Media,25-34
157,D,12/29/2025,6/17/2025,4/5/2025,5,163.72,12,2797.52,false,true,false,Web,Desktop,Organic,45-54
158,E,7/17/2025,1/22/2025,6/9/2025,3,117.81,13,1712.41,true,false,false,Web,Desktop,Social Media,35-44
159,D,6/28/2025,11/14/2025,2/12/2025,27,158.85,6,697.48,true,false,true,Web,Desktop,Referral,18-24
160,C,1/7/2025,9/5/2025,12/6/2025,29,79.09,17,474.0,true,false,true,Web,Tablet,Referral,18-24
161,D,9/25/2025,12/17/2025,6/21/2025,20,110.94,12,987.21,true,false,true,Web,Desktop,Organic,45-54
162,C,9/12/2025,11/17/2025,6/25/2025,1,170.42,17,2471.87,true,false,false,iOS,Mobile,Referral,25-34
163,E,3/5/2025,9/9/2025,6/17/2025,21,27.65,12,3435.99,false,false,true,iOS,Desktop,Organic,35-44
164,E,3/11/2025,11/19/2025,4/16/2025,19,29.97,14,3278.79,true,false,false,Web,Desktop,Organic,45-54
165,D,9/29/2025,1/1/2025,10/31/2025,20,69.59,19,3246.31,false,false,false,Web,Desktop,Social Media,35-44
166,D,3/26/2025,10/29/2025,11/7/2025,30,19.87,6,4378.83,true,true,true,iOS,Desktop,Referral,25-34
167,C,2/22/2025,4/15/2025,1/18/2025,7,82.13,3,185.62,false,true,true,iOS,Tablet,Paid Search,55+
168,B,4/5/2025,5/31/2025,1/12/2025,30,16.05,4,4617.4,true,false,true,iOS,Mobile,Social Media,25-34
169,A,11/6/2025,9/1/2025,1/4/2025,12,5.31,3,284.07,false,true,true,Web,Desktop,Referral,35-44
170,D,9/16/2025,7/10/2025,8/3/2025,6,53.98,15,1615.36,true,true,false,Android,Tablet,Paid Search,55+
171,D,12/10/2025,11/11/2025,12/29/2025,8,121.29,3,1560.13,false,false,false,Web,Desktop,Social Media,55+
172,A,8/12/2025,9/7/2025,10/12/2025,1,47.54,11,2924.19,false,false,false,iOS,Mobile,Referral,25-34
173,D,4/8/2025,2/11/2025,3/17/2025,26,90.28,5,1523.1,false,false,false,Web,Desktop,Organic,18-24
174,E,4/4/2025,3/18/2025,7/22/2025,21,179.86,9,3020.62,false,true,false,Web,Mobile,Organic,25-34
175,D,8/2/2025,12/11/2025,11/14/2025,16,30.79,3,3790.08,true,false,false,iOS,Tablet,Referral,25-34
176,A,6/2/2025,5/17/2025,12/29/2025,1,19.33,5,77.12,true,false,true,Android,Desktop,Referral,45-54
177,B,10/16/2025,10/20/2025,7/7/2025,22,135.9,10,2516.44,true,false,true,Web,Tablet,Paid Search,45-54
178,B,1/4/2025,10/25/2025,12/18/2025,25,152.48,5,4123.65,true,false,false,iOS,Tablet,Social Media,18-24
179,C,4/22/2025,11/12/2025,1/27/2025,7,44.97,19,4337.87,true,true,true,Android,Mobile,Organic,35-44
180,E,10/2/2025,12/8/2025,12/19/2025,28,55.36,4,4220.79,true,false,true,Android,Mobile,Organic,35-44
181,D,5/12/2025,10/6/2025,7/1/2025,7,118.56,7,2292.43,false,false,true,iOS,Desktop,Organic,45-54
182,E,4/30/2025,10/24/2025,1/23/2025,19,22.03,11,4225.73,false,false,false,iOS,Desktop,Social Media,18-24
183,C,3/31/2025,10/31/2025,2/21/2025,14,104.05,4,822.73,false,true,true,Android,Mobile,Organic,25-34
184,E,11/24/2025,2/14/2025,8/28/2025,4,164.02,11,3495.85,true,true,false,Web,Tablet,Referral,18-24
185,E,5/3/2025,1/25/2025,8/25/2025,29,73.25,0,657.58,true,true,true,Web,Desktop,Organic,18-24
186,A,1/10/2025,12/14/2025,7/13/2025,14,101.27,2,3736.74,false,false,true,iOS,Mobile,Paid Search,45-54
187,C,4/27/2025,6/27/2025,7/21/2025,1,166.91,4,458.01,false,false,true,Web,Mobile,Paid Search,45-54
188,C,3/16/2025,9/23/2025,3/31/2025,3,98.75,7,4310.15,false,false,true,Android,Tablet,Referral,35-44
189,E,11/23/2025,11/28/2025,11/20/2025,13,148.58,3,3281.82,true,false,true,Android,Tablet,Paid Search,35-44
190,D,10/23/2025,3/28/2025,6/16/2025,14,168.75,20,4379.05,false,true,true,Web,Desktop,Paid Search,18-24
191,A,10/29/2025,9/24/2025,6/6/2025,23,44.11,20,4987.28,true,false,false,Web,Tablet,Paid Search,35-44
192,E,4/5/2025,5/25/2025,12/21/2025,12,135.57,14,2476.73,true,false,true,iOS,Tablet,Organic,18-24
193,C,7/1/2025,1/7/2025,11/23/2025,2,70.47,14,3548.75,true,true,false,Web,Desktop,Referral,55+
194,B,2/13/2025,12/20/2025,5/7/2025,6,141.13,12,2456.13,true,false,false,iOS,Mobile,Social Media,18-24
195,C,1/15/2025,1/20/2025,3/26/2025,9,71.71,7,4935.82,false,true,true,Web,Mobile,Referral,55+
196,D,10/10/2025,5/25/2025,12/9/2025,22,10.73,9,2624.3,false,true,false,iOS,Desktop,Paid Search,18-24
197,B,12/10/2025,6/20/2025,12/26/2025,30,61.06,20,1741.82,false,false,false,Web,Mobile,Paid Search,35-44
198,D,1/30/2025,4/13/2025,10/21/2025,7,129.59,7,174.46,false,false,true,iOS,Desktop,Social Media,55+
199,E,9/11/2025,9/4/2025,7/31/2025,2,16.3,2,1963.52,false,false,true,Android,Desktop,Referral,18-24
200,A,4/10/2025,4/3/2025,11/22/2025,10,135.3,10,3087.66,false,false,true,Web,Desktop,Social Media,45-54
201,E,12/21/2025,3/22/2025,9/27/2025,26,68.59,20,1346.01,true,false,true,Web,Desktop,Paid Search,35-44
202,C,6/27/2025,9/6/2025,2/20/2025,7,86.82,20,4999.17,true,false,true,Web,Desktop,Paid Search,25-34
203,D,8/30/2025,11/17/2025,3/23/2025,13,4.25,2,4930.32,false,false,false,Web,Mobile,Organic,25-34
204,E,6/20/2025,10/13/2025,5/10/2025,2,156.87,15,1973.67,false,true,true,iOS,Tablet,Paid Search,45-54
205,A,6/6/2025,11/10/2025,4/30/2025,27,57.4,1,4213.5,false,true,true,Android,Tablet,Referral,25-34
206,B,7/27/2025,3/30/2025,4/12/2025,13,137.1,16,4842.42,false,true,false,Android,Desktop,Paid Search,45-54
207,B,8/1/2025,4/25/2025,4/13/2025,22,64.27,6,1208.58,false,false,true,iOS,Desktop,Paid Search,45-54
208,E,3/17/2025,10/31/2025,3/20/2025,15,145.51,14,3091.17,false,true,false,iOS,Mobile,Referral,55+
209,D,8/6/2025,9/10/2025,1/13/2025,10,49.65,19,2356.34,false,true,false,Web,Desktop,Organic,45-54
210,D,4/27/2025,1/21/2025,7/21/2025,20,58.19,14,1942.56,false,false,true,Android,Desktop,Referral,25-34
211,E,7/31/2025,1/14/2025,2/27/2025,1,126.7,7,1101.15,false,false,true,Android,Mobile,Organic,18-24
212,C,8/2/2025,11/5/2025,6/22/2025,30,7.66,2,3632.79,false,false,true,iOS,Mobile,Paid Search,18-24
213,A,8/2/2025,5/4/2025,4/6/2025,18,53.3,3,4231.86,false,false,true,Android,Mobile,Social Media,25-34
214,E,5/1/2025,6/10/2025,2/26/2025,3,60.48,13,2208.22,true,true,true,Web,Mobile,Referral,35-44
215,E,8/18/2025,8/22/2025,1/14/2025,17,169.27,3,3102.98,false,false,true,Android,Desktop,Referral,18-24
216,A,6/23/2025,2/2/2025,9/26/2025,7,36.46,6,2606.56,false,false,false,Web,Desktop,Referral,25-34
217,E,9/14/2025,8/26/2025,7/30/2025,19,151.57,9,2410.2,false,true,false,Android,Tablet,Organic,45-54
218,B,8/26/2025,6/26/2025,9/15/2025,17,66.26,15,3746.72,true,false,true,iOS,Desktop,Social Media,45-54
219,A,5/11/2025,6/22/2025,9/20/2025,28,162.1,0,2411.6,false,false,true,Android,Mobile,Paid Search,55+
220,A,2/18/2025,7/24/2025,2/27/2025,13,135.15,13,3246.15,false,false,false,Web,Mobile,Paid Search,25-34
221,A,12/28/2025,12/18/2025,8/14/2025,21,142.68,2,1238.17,false,false,false,iOS,Desktop,Paid Search,35-44
222,A,2/9/2025,6/3/2025,9/3/2025,19,31.74,15,324.21,false,true,false,Web,Desktop,Referral,35-44
223,B,1/26/2025,9/7/2025,11/6/2025,6,136.64,4,108.89,true,false,false,Android,Tablet,Paid Search,45-54
224,B,8/20/2025,7/29/2025,7/7/2025,24,132.19,14,925.13,true,false,true,iOS,Mobile,Paid Search,55+
225,C,6/9/2025,4/21/2025,9/16/2025,3,84.49,8,3239.73,true,false,true,Web,Desktop,Organic,25-34
226,A,2/17/2025,12/7/2025,2/3/2025,14,51.0,15,1123.35,false,true,true,iOS,Mobile,Organic,55+
227,D,12/14/2025,10/26/2025,11/20/2025,19,46.7,11,2694.55,false,false,false,Android,Mobile,Organic,45-54
228,A,11/20/2025,5/20/2025,2/27/2025,1,141.02,10,3521.32,false,false,true,Web,Desktop,Paid Search,45-54
229,A,9/10/2025,6/30/2025,7/27/2025,12,72.76,19,2433.76,false,true,true,iOS,Mobile,Paid Search,45-54
230,A,4/8/2025,7/14/2025,10/24/2025,24,73.41,11,2887.72,false,true,true,Android,Desktop,Social Media,35-44
231,A,7/24/2025,7/8/2025,12/17/2025,19,144.64,20,1590.17,true,false,false,Web,Tablet,Social Media,35-44
232,E,6/19/2025,11/10/2025,6/20/2025,15,28.54,1,3152.24,true,false,false,iOS,Desktop,Organic,35-44
233,C,1/25/2025,7/12/2025,2/26/2025,9,18.03,18,744.08,false,true,false,iOS,Desktop,Organic,35-44
234,B,5/22/2025,12/3/2025,3/13/2025,26,169.53,13,3371.94,false,false,false,iOS,Tablet,Organic,18-24
235,E,10/2/2025,5/20/2025,9/22/2025,30,123.68,0,2481.74,false,true,true,Android,Tablet,Organic,18-24
236,D,5/2/2025,4/19/2025,1/17/2025,10,28.02,5,1489.8,true,false,false,Web,Mobile,Referral,45-54
237,E,1/6/2025,5/16/2025,4/15/2025,20,91.57,13,1217.24,false,true,true,Web,Desktop,Paid Search,25-34
238,A,11/6/2025,5/27/2025,2/16/2025,14,122.5,6,1067.27,true,false,true,iOS,Mobile,Referral,35-44
239,D,2/25/2025,2/15/2025,5/7/2025,15,121.69,3,1974.88,true,false,false,Android,Mobile,Referral,55+
240,B,11/22/2025,4/7/2025,2/3/2025,3,159.74,7,2821.25,true,true,true,Android,Tablet,Paid Search,18-24
241,E,5/26/2025,10/1/2025,4/4/2025,9,6.19,20,4228.17,false,false,true,Android,Desktop,Paid Search,45-54
242,E,9/16/2025,3/30/2025,11/25/2025,20,18.41,0,2539.52,false,false,false,Web,Desktop,Social Media,55+
243,D,1/29/2025,7/31/2025,12/2/2025,28,40.9,4,3965.8,false,false,false,iOS,Desktop,Referral,25-34
244,A,10/14/2025,2/15/2025,3/10/2025,20,152.08,9,4213.59,false,false,true,Android,Tablet,Organic,18-24
245,B,7/5/2025,1/10/2025,1/18/2025,2,147.83,15,2652.0,true,false,false,Web,Desktop,Organic,35-44
246,A,2/8/2025,11/10/2025,4/10/2025,17,105.09,5,681.88,true,true,false,Android,Tablet,Social Media,45-54
247,E,12/24/2025,3/21/2025,2/3/2025,21,128.02,9,1543.25,false,false,false,iOS,Tablet,Social Media,18-24
248,B,1/6/2025,5/15/2025,4/17/2025,15,115.26,14,1570.09,true,true,true,Android,Desktop,Paid Search,55+
249,D,7/28/2025,11/13/2025,11/1/2025,13,58.57,3,3362.86,true,false,true,iOS,Tablet,Referral,25-34
250,A,11/9/2025,9/8/2025,2/10/2025,4,39.93,1,3881.31,false,true,false,Web,Mobile,Social Media,18-24
251,E,1/17/2025,5/25/2025,5/23/2025,24,36.9,3,3136.07,false,true,false,Web,Mobile,Organic,35-44
252,E,4/6/2025,10/1/2025,2/7/2025,26,154.91,16,1322.08,true,false,false,iOS,Mobile,Organic,45-54
253,E,12/29/2025,6/14/2025,5/26/2025,13,84.59,8,4900.83,false,false,true,Web,Desktop,Organic,55+
254,B,7/31/2025,1/29/2025,6/19/2025,24,179.75,18,2212.41,false,true,false,Android,Desktop,Social Media,25-34
255,E,6/7/2025,5/23/2025,7/20/2025,28,46.06,0,1235.85,true,false,true,iOS,Mobile,Organic,25-34
256,C,3/24/2025,1/21/2025,2/9/2025,9,45.05,10,4773.89,false,true,false,Android,Tablet,Paid Search,55+
257,C,12/9/2025,5/24/2025,10/29/2025,26,7.88,8,4619.86,false,false,true,iOS,Mobile,Social Media,35-44
258,D,2/25/2025,11/5/2025,12/5/2025,30,98.95,1,1122.77,false,false,true,Android,Mobile,Referral,35-44
259,B,10/16/2025,8/1/2025,8/21/2025,10,53.4,5,3216.85,false,true,false,Android,Tablet,Referral,25-34
260,A,1/22/2025,9/10/2025,7/31/2025,9,61.76,2,2436.84,false,true,true,iOS,Tablet,Paid Search,18-24
261,A,12/27/2025,12/16/2025,6/22/2025,4,113.87,2,2587.78,true,false,false,Android,Tablet,Paid Search,25-34
262,E,6/20/2025,7/9/2025,4/4/2025,29,77.27,6,4869.91,false,true,true,Web,Tablet,Organic,25-34
263,D,9/13/2025,12/17/2025,4/13/2025,2,167.81,16,2379.42,true,true,false,Android,Desktop,Paid Search,45-54
264,A,4/9/2025,10/12/2025,5/26/2025,18,127.01,18,4817.57,false,false,false,Web,Desktop,Social Media,45-54
265,B,9/5/2025,1/18/2025,11/25/2025,18,96.3,1,4547.1,true,false,false,Web,Mobile,Paid Search,45-54
266,E,8/31/2025,1/20/2025,2/12/2025,14,30.11,19,2968.65,false,false,true,Android,Desktop,Paid Search,18-24
267,B,8/19/2025,5/22/2025,7/1/2025,4,74.73,18,3726.79,true,true,false,iOS,Desktop,Organic,35-44
268,E,2/25/2025,1/9/2025,10/2/2025,20,63.02,0,1195.13,true,true,true,iOS,Mobile,Paid Search,18-24
269,D,5/22/2025,1/15/2025,12/11/2025,10,91.78,1,3705.07,true,true,false,iOS,Mobile,Social Media,18-24
270,B,11/1/2025,1/7/2025,12/3/2025,23,55.63,15,3966.85,true,false,false,Android,Mobile,Paid Search,35-44
271,E,5/25/2025,11/27/2025,9/23/2025,22,5.43,18,648.42,true,true,true,Android,Mobile,Referral,25-34
272,C,11/11/2025,5/9/2025,10/27/2025,22,127.85,3,2236.05,false,true,false,Android,Tablet,Organic,25-34
273,B,6/24/2025,10/18/2025,9/16/2025,1,63.63,9,1596.82,true,true,true,Web,Mobile,Referral,25-34
274,E,9/1/2025,11/27/2025,7/28/2025,22,71.42,9,4178.9,false,false,false,iOS,Mobile,Social Media,18-24
275,E,5/6/2025,4/13/2025,1/11/2025,19,39.54,4,3389.58,false,false,true,Android,Tablet,Paid Search,25-34
276,C,9/8/2025,1/28/2025,4/6/2025,9,154.43,15,422.14,false,false,false,Android,Desktop,Referral,55+
277,D,3/26/2025,5/23/2025,7/4/2025,15,26.52,1,400.03,true,true,false,Web,Mobile,Referral,55+
278,A,12/4/2025,8/9/2025,1/31/2025,14,59.78,10,2915.45,true,true,true,Android,Desktop,Organic,25-34
279,B,9/5/2025,4/14/2025,2/14/2025,11,104.45,19,2242.73,true,false,true,Web,Tablet,Paid Search,45-54
280,A,11/11/2025,8/10/2025,7/21/2025,2,129.21,16,1528.72,true,true,true,Web,Desktop,Referral,55+
281,C,9/27/2025,8/5/2025,11/2/2025,22,146.9,3,3712.9,false,true,true,Android,Mobile,Organic,35-44
282,C,5/5/2025,12/23/2025,12/2/2025,24,141.29,13,1278.68,true,false,false,iOS,Tablet,Paid Search,18-24
283,C,11/28/2025,8/16/2025,9/26/2025,30,6.0,6,1015.91,false,false,false,iOS,Mobile,Paid Search,55+
284,B,4/24/2025,4/23/2025,6/16/2025,3,11.45,11,3503.05,true,true,true,Web,Tablet,Referral,55+
285,C,8/3/2025,3/6/2025,7/14/2025,22,176.57,8,3041.45,false,false,false,Web,Tablet,Social Media,25-34
286,E,4/9/2025,5/8/2025,3/8/2025,14,110.68,12,572.67,true,true,true,Android,Tablet,Referral,18-24
287,D,10/6/2025,1/31/2025,11/18/2025,4,148.32,17,2372.52,true,true,true,iOS,Tablet,Referral,25-34
288,A,7/11/2025,6/27/2025,10/14/2025,12,33.18,6,4255.46,true,true,true,Web,Mobile,Organic,45-54
289,E,6/4/2025,1/17/2025,11/4/2025,4,157.97,0,4541.38,true,false,false,iOS,Tablet,Social Media,18-24
290,C,11/30/2025,9/17/2025,9/24/2025,28,4.56,3,1609.44,true,false,false,Android,Mobile,Paid Search,35-44
291,A,3/13/2025,12/23/2025,9/24/2025,2,44.88,1,3705.88,false,true,true,Android,Desktop,Paid Search,25-34
292,B,10/13/2025,10/30/2025,8/1/2025,18,92.0,11,3078.91,true,false,false,Android,Mobile,Organic,55+
293,A,3/19/2025,2/18/2025,4/19/2025,26,148.35,2,4875.07,true,false,true,iOS,Tablet,Paid Search,18-24
294,D,12/3/2025,2/4/2025,11/22/2025,24,60.9,5,2202.58,true,true,false,Android,Mobile,Paid Search,35-44
295,B,8/18/2025,6/1/2025,3/21/2025,28,80.12,10,4108.09,false,false,false,Web,Mobile,Paid Search,25-34
296,E,5/1/2025,11/12/2025,12/15/2025,24,7.04,4,2908.93,true,true,true,Android,Tablet,Organic,25-34
297,A,6/16/2025,1/23/2025,6/26/2025,3,150.21,0,2053.93,true,true,false,Web,Tablet,Paid Search,35-44
298,C,12/30/2025,2/15/2025,12/30/2025,8,123.63,9,2493.94,false,true,false,Android,Mobile,Organic,45-54
299,E,4/28/2025,4/6/2025,2/19/2025,28,44.44,18,2951.32,true,false,false,Web,Tablet,Organic,45-54
300,D,8/11/2025,3/6/2025,9/1/2025,5,167.68,5,89.23,true,true,true,Android,Mobile,Organic,25-34
301,B,11/7/2025,12/24/2025,4/12/2025,4,97.1,8,1322.64,false,true,false,Android,Mobile,Referral,45-54
302,C,12/10/2025,6/5/2025,9/28/2025,29,115.0,1,1158.01,false,true,false,Android,Desktop,Organic,25-34
303,C,11/2/2025,3/2/2025,2/4/2025,20,133.41,6,4761.86,true,true,false,iOS,Tablet,Referral,45-54
304,A,2/17/2025,8/8/2025,10/27/2025,26,136.44,18,4463.79,false,false,true,iOS,Mobile,Paid Search,45-54
305,B,12/2/2025,1/14/2025,12/19/2025,29,56.15,12,801.6,false,true,true,Web,Mobile,Organic,18-24
306,B,12/10/2025,7/10/2025,1/15/2025,20,162.08,11,4203.93,true,true,false,Android,Mobile,Social Media,55+
307,B,3/6/2025,9/22/2025,5/29/2025,21,157.17,4,1142.78,true,true,false,iOS,Desktop,Paid Search,18-24
308,D,10/29/2025,11/21/2025,7/3/2025,3,133.67,16,2590.8,true,true,true,Android,Mobile,Referral,35-44
309,E,3/17/2025,7/5/2025,4/5/2025,7,1.44,18,4668.52,true,true,true,Web,Mobile,Organic,45-54
310,C,9/4/2025,5/23/2025,1/2/2025,9,140.48,6,4377.54,true,false,false,iOS,Tablet,Referral,55+
311,A,9/8/2025,11/16/2025,10/28/2025,15,135.19,19,727.19,false,true,false,iOS,Mobile,Organic,55+
312,C,12/16/2025,5/15/2025,3/6/2025,27,78.91,2,4165.46,true,true,false,Android,Desktop,Paid Search,18-24
313,D,11/27/2025,5/28/2025,5/21/2025,11,6.01,14,2291.47,true,false,false,Android,Tablet,Organic,45-54
314,A,12/20/2025,11/15/2025,10/4/2025,26,128.67,10,4931.05,false,true,false,iOS,Tablet,Organic,45-54
315,D,2/14/2025,7/23/2025,9/10/2025,25,167.62,3,2556.04,true,false,false,iOS,Tablet,Referral,25-34
316,C,12/18/2025,7/5/2025,6/3/2025,7,55.11,9,1015.87,false,false,false,Web,Desktop,Organic,25-34
317,D,9/3/2025,2/4/2025,5/16/2025,13,75.79,16,758.91,false,false,false,iOS,Tablet,Social Media,45-54
318,C,8/2/2025,12/2/2025,5/16/2025,5,98.27,5,1695.81,true,true,true,Android,Mobile,Organic,25-34
319,C,12/1/2025,3/22/2025,10/21/2025,16,126.62,10,1778.14,true,true,false,Android,Tablet,Paid Search,45-54
320,E,12/7/2025,1/25/2025,12/29/2025,17,50.16,3,1755.22,false,false,true,Web,Mobile,Organic,35-44
321,C,12/4/2025,8/4/2025,8/14/2025,23,150.41,6,3856.1,false,true,true,Android,Desktop,Paid Search,25-34
322,B,10/9/2025,8/21/2025,1/6/2025,25,13.44,2,167.0,false,false,true,Web,Desktop,Paid Search,18-24
323,B,6/4/2025,2/17/2025,8/1/2025,26,45.73,20,738.44,true,false,false,iOS,Mobile,Social Media,35-44
324,E,2/19/2025,5/25/2025,12/18/2025,12,25.44,7,3095.92,false,false,false,Android,Desktop,Social Media,25-34
325,C,12/8/2025,4/28/2025,10/2/2025,2,87.21,16,830.39,false,false,false,Web,Desktop,Organic,35-44
326,E,2/4/2025,7/16/2025,7/11/2025,23,127.17,5,171.86,false,false,true,Web,Desktop,Referral,25-34
327,E,6/1/2025,1/22/2025,7/20/2025,23,165.68,2,3125.19,false,false,false,Android,Desktop,Social Media,55+
328,C,11/27/2025,5/20/2025,8/1/2025,16,152.52,18,2687.03,false,true,true,Android,Desktop,Organic,55+
329,C,2/15/2025,5/16/2025,4/1/2025,10,155.59,11,4244.24,false,true,true,Web,Mobile,Referral,35-44
330,C,12/17/2025,7/17/2025,6/22/2025,10,59.38,10,714.46,true,true,false,Web,Mobile,Referral,45-54
331,B,11/3/2025,2/6/2025,11/11/2025,1,29.91,15,403.42,false,true,true,iOS,Mobile,Organic,45-54
332,D,12/3/2025,7/1/2025,2/17/2025,4,161.65,2,1669.08,false,true,true,Android,Mobile,Paid Search,55+
333,C,11/27/2025,2/20/2025,10/27/2025,5,67.63,10,415.04,false,false,false,iOS,Tablet,Organic,25-34
334,D,4/9/2025,9/12/2025,9/5/2025,13,8.78,1,1771.38,true,true,true,Android,Mobile,Social Media,35-44
335,E,6/22/2025,7/11/2025,11/2/2025,10,116.47,17,3368.31,false,true,true,iOS,Desktop,Paid Search,25-34
336,C,3/4/2025,4/12/2025,10/12/2025,6,44.76,12,1856.32,false,false,false,Android,Desktop,Paid Search,55+
337,B,8/11/2025,1/19/2025,11/16/2025,21,142.95,15,522.35,false,true,true,Android,Mobile,Paid Search,45-54
338,C,3/4/2025,4/29/2025,1/11/2025,6,82.31,0,4779.41,true,true,false,Android,Tablet,Paid Search,55+
339,A,2/25/2025,3/7/2025,10/7/2025,18,149.65,13,4490.72,true,true,true,Android,Tablet,Social Media,25-34
340,A,1/23/2025,12/9/2025,6/2/2025,14,1.8,9,1055.26,true,false,false,Web,Mobile,Organic,18-24
341,A,5/3/2025,6/15/2025,3/3/2025,8,44.45,1,3921.33,true,false,false,Web,Tablet,Social Media,55+
342,E,9/17/2025,2/3/2025,10/16/2025,16,141.75,15,3436.04,true,false,false,Web,Mobile,Paid Search,18-24
343,E,11/30/2025,4/12/2025,2/23/2025,6,70.18,18,3357.78,true,false,false,Android,Desktop,Referral,55+
344,C,3/27/2025,6/20/2025,6/30/2025,2,102.9,2,318.01,true,true,true,Android,Desktop,Organic,55+
345,B,6/21/2025,2/19/2025,7/16/2025,3,65.94,3,437.14,false,true,true,Web,Mobile,Organic,18-24
346,E,7/21/2025,2/11/2025,3/4/2025,4,33.46,14,2730.68,true,false,true,iOS,Desktop,Referral,25-34
347,A,10/18/2025,1/15/2025,5/12/2025,26,111.01,20,4464.04,true,false,true,iOS,Tablet,Paid Search,35-44
348,E,6/24/2025,4/2/2025,11/15/2025,25,21.86,14,3031.2,false,false,true,Android,Tablet,Organic,55+
349,C,8/11/2025,11/6/2025,6/24/2025,4,16.88,20,2015.74,true,false,false,Android,Mobile,Referral,25-34
350,C,7/28/2025,7/24/2025,7/25/2025,3,33.54,15,3026.23,false,true,false,Android,Mobile,Paid Search,35-44
351,E,12/22/2025,11/4/2025,10/9/2025,11,133.05,11,74.68,false,false,true,Web,Desktop,Paid Search,35-44
352,B,6/15/2025,9/30/2025,4/29/2025,16,63.82,11,1063.34,false,true,false,Web,Mobile,Organic,55+
353,D,1/15/2025,8/19/2025,2/19/2025,21,66.97,16,1148.36,false,true,false,Android,Mobile,Social Media,35-44
354,C,8/30/2025,2/21/2025,4/17/2025,2,179.53,19,3334.47,false,true,false,iOS,Mobile,Referral,35-44
355,B,7/5/2025,9/9/2025,6/27/2025,22,133.65,6,2128.65,false,false,false,Android,Mobile,Organic,55+
356,C,10/4/2025,6/29/2025,5/13/2025,6,6.68,0,3371.18,true,true,false,Android,Desktop,Paid Search,18-24
357,C,2/15/2025,1/9/2025,12/14/2025,6,43.22,3,2764.12,false,false,false,Android,Desktop,Social Media,55+
358,B,10/16/2025,2/14/2025,11/10/2025,11,85.22,8,267.28,true,true,true,Web,Tablet,Organic,35-44
359,A,11/10/2025,8/10/2025,4/11/2025,26,173.13,10,2195.99,false,false,true,Android,Mobile,Organic,18-24
360,C,1/13/2025,5/18/2025,1/2/2025,14,164.58,6,2388.5,false,true,true,iOS,Desktop,Social Media,45-54
361,C,12/25/2025,9/25/2025,9/20/2025,1,96.22,20,606.24,true,true,false,Android,Desktop,Referral,18-24
362,E,8/16/2025,6/15/2025,2/13/2025,16,132.21,16,4643.04,false,true,false,Web,Mobile,Social Media,18-24
363,A,5/21/2025,7/22/2025,5/25/2025,28,12.43,5,2648.11,false,true,true,iOS,Mobile,Organic,25-34
364,E,7/24/2025,6/13/2025,3/18/2025,1,168.79,12,2945.89,true,false,true,Android,Tablet,Referral,35-44
365,B,6/24/2025,9/1/2025,12/22/2025,27,18.46,11,3191.97,false,true,true,Android,Desktop,Paid Search,55+
366,E,1/31/2025,12/9/2025,11/24/2025,10,51.46,17,4851.0,false,true,true,Android,Mobile,Referral,25-34
367,D,1/22/2025,10/3/2025,6/2/2025,15,48.95,6,1838.83,true,false,false,iOS,Desktop,Organic,25-34
368,A,6/10/2025,7/23/2025,8/5/2025,6,74.54,6,28.42,true,false,false,Web,Tablet,Paid Search,18-24
369,B,4/27/2025,3/30/2025,10/1/2025,7,121.7,4,4602.47,true,false,false,Android,Desktop,Referral,55+
370,A,7/27/2025,7/23/2025,10/13/2025,12,80.52,20,4520.64,true,true,false,Android,Desktop,Referral,25-34
371,B,8/2/2025,7/5/2025,12/13/2025,2,120.04,18,2006.83,true,true,true,Android,Tablet,Social Media,55+
372,E,5/22/2025,9/25/2025,9/1/2025,22,156.74,10,1916.79,false,true,true,iOS,Desktop,Paid Search,35-44
373,B,12/29/2025,12/10/2025,6/18/2025,4,161.37,2,3804.92,false,true,false,iOS,Mobile,Organic,45-54
374,D,10/28/2025,3/1/2025,12/8/2025,18,90.53,6,219.3,true,true,true,iOS,Desktop,Social Media,35-44
375,B,4/18/2025,2/2/2025,12/29/2025,17,91.57,14,2388.84,false,false,true,iOS,Tablet,Social Media,35-44
376,B,6/24/2025,7/11/2025,5/17/2025,4,85.68,11,405.14,true,false,false,Web,Mobile,Referral,45-54
377,A,2/1/2025,11/4/2025,1/27/2025,30,92.92,1,3131.49,false,true,true,Android,Tablet,Organic,18-24
378,A,8/20/2025,1/18/2025,1/11/2025,1,10.17,1,1132.69,true,true,false,Android,Desktop,Referral,35-44
379,B,12/2/2025,7/31/2025,8/6/2025,6,23.29,18,16.05,false,true,false,Web,Tablet,Organic,35-44
380,E,9/29/2025,10/14/2025,9/28/2025,12,24.99,17,2830.36,true,true,true,Web,Mobile,Organic,45-54
381,E,8/17/2025,5/2/2025,9/12/2025,4,8.94,19,2867.42,true,true,false,iOS,Mobile,Organic,35-44
382,A,9/16/2025,10/23/2025,6/30/2025,3,70.12,17,4513.13,true,true,true,Android,Mobile,Social Media,55+
383,C,9/21/2025,12/9/2025,1/20/2025,27,13.57,10,4980.54,true,true,true,iOS,Desktop,Paid Search,18-24
384,D,3/1/2025,11/20/2025,6/26/2025,25,18.32,20,2854.11,false,false,false,Web,Desktop,Social Media,25-34
385,B,5/23/2025,7/21/2025,9/21/2025,7,166.06,1,2884.35,true,false,true,Web,Mobile,Referral,45-54
386,C,1/26/2025,7/13/2025,3/2/2025,23,68.22,18,4325.54,true,false,true,iOS,Tablet,Social Media,25-34
387,C,11/21/2025,11/2/2025,7/17/2025,23,34.9,0,1678.93,true,false,true,iOS,Tablet,Paid Search,35-44
388,E,1/18/2025,9/18/2025,9/13/2025,8,107.27,5,105.86,true,true,false,iOS,Desktop,Referral,45-54
389,E,5/14/2025,11/10/2025,2/1/2025,2,55.07,12,720.16,true,true,true,Android,Desktop,Social Media,55+
390,C,1/5/2025,6/10/2025,6/3/2025,11,123.24,13,3925.26,false,false,false,Web,Desktop,Social Media,18-24
391,D,7/6/2025,10/31/2025,8/30/2025,8,25.44,16,840.87,true,true,false,Web,Mobile,Referral,35-44
392,B,11/6/2025,7/27/2025,8/18/2025,17,19.81,3,1328.27,true,true,true,iOS,Mobile,Organic,55+
393,C,3/20/2025,2/15/2025,1/18/2025,23,63.51,8,4862.23,true,true,false,Android,Desktop,Organic,45-54
394,B,11/14/2025,5/10/2025,1/15/2025,21,102.11,18,4270.34,false,false,true,Web,Mobile,Social Media,55+
395,B,9/24/2025,10/5/2025,6/22/2025,8,126.63,2,1052.3,true,true,false,Android,Desktop,Paid Search,18-24
396,C,10/2/2025,11/19/2025,8/10/2025,29,145.05,14,346.91,false,false,false,Web,Mobile,Paid Search,35-44
397,C,5/30/2025,9/15/2025,8/21/2025,30,139.12,13,4179.69,true,true,false,iOS,Tablet,Social Media,45-54
398,E,7/13/2025,1/14/2025,3/28/2025,4,101.11,9,4658.19,true,true,true,Web,Mobile,Referral,35-44
399,A,1/7/2025,2/22/2025,7/12/2025,11,155.37,20,482.13,false,false,false,Web,Mobile,Social Media,35-44
400,E,7/21/2025,2/1/2025,10/29/2025,18,168.93,20,248.2,false,true,true,Android,Tablet,Referral,25-34
401,E,4/12/2025,6/2/2025,10/15/2025,9,21.22,10,973.31,true,false,false,Web,Mobile,Social Media,55+
402,D,2/6/2025,3/16/2025,2/20/2025,21,33.4,17,3150.63,true,false,true,Android,Mobile,Paid Search,35-44
403,A,11/5/2025,10/8/2025,6/18/2025,5,96.78,14,4636.17,true,false,false,iOS,Mobile,Organic,18-24
404,E,8/29/2025,12/28/2025,8/7/2025,17,78.05,5,64.07,true,true,true,Web,Desktop,Social Media,45-54
405,D,6/25/2025,1/3/2025,1/22/2025,25,52.34,12,2864.8,true,true,true,iOS,Mobile,Referral,18-24
406,A,10/13/2025,7/20/2025,3/1/2025,8,103.54,0,2360.32,true,true,true,Web,Tablet,Organic,25-34
407,D,4/8/2025,10/29/2025,10/28/2025,24,145.63,10,1380.31,true,false,true,Web,Tablet,Paid Search,55+
408,B,3/18/2025,11/9/2025,9/21/2025,2,129.5,11,4460.64,false,true,true,Web,Tablet,Paid Search,55+
409,A,8/11/2025,11/12/2025,5/12/2025,3,38.32,17,42.37,false,true,false,Web,Desktop,Paid Search,18-24
410,B,6/2/2025,1/23/2025,11/26/2025,9,9.15,8,2431.22,true,false,false,Android,Mobile,Organic,55+
411,E,9/10/2025,12/23/2025,2/25/2025,9,149.84,4,2687.29,false,true,true,Web,Mobile,Paid Search,55+
412,E,5/7/2025,4/19/2025,7/2/2025,19,67.44,14,2332.97,false,false,false,Web,Desktop,Referral,55+
413,E,1/2/2025,11/4/2025,12/15/2025,15,122.83,12,4591.54,true,true,true,Android,Tablet,Referral,35-44
414,B,8/11/2025,8/15/2025,3/6/2025,8,176.74,1,2009.51,false,false,true,Android,Tablet,Organic,25-34
415,E,7/11/2025,10/29/2025,10/16/2025,6,126.28,2,2725.74,false,true,false,iOS,Tablet,Paid Search,55+
416,C,8/7/2025,3/22/2025,8/17/2025,4,35.35,11,3982.25,false,true,true,Web,Desktop,Organic,25-34
417,E,1/27/2025,8/1/2025,4/19/2025,23,156.69,5,2401.8,true,false,true,Android,Mobile,Social Media,45-54
418,D,4/1/2025,5/4/2025,3/1/2025,29,55.07,7,2764.05,false,true,false,Android,Mobile,Organic,18-24
419,C,4/24/2025,6/7/2025,12/6/2025,23,152.42,9,4416.25,true,true,true,iOS,Desktop,Organic,25-34
420,A,11/2/2025,7/4/2025,12/6/2025,18,123.72,14,3011.84,true,true,false,Web,Mobile,Organic,25-34
421,C,7/17/2025,12/28/2025,10/17/2025,26,46.55,6,4835.37,true,true,true,iOS,Tablet,Social Media,45-54
422,E,12/15/2025,10/25/2025,4/17/2025,7,132.89,12,2312.22,false,true,false,Android,Tablet,Social Media,35-44
423,E,6/24/2025,7/22/2025,5/12/2025,30,96.07,16,2255.47,true,true,false,Android,Mobile,Social Media,25-34
424,A,1/25/2025,12/24/2025,6/13/2025,14,151.04,19,4623.4,true,true,true,Web,Tablet,Paid Search,55+
425,A,10/4/2025,2/19/2025,4/27/2025,23,107.02,10,6.98,true,true,true,Web,Desktop,Organic,35-44
426,E,4/22/2025,2/15/2025,11/4/2025,21,7.39,1,2110.05,true,true,false,Android,Mobile,Referral,35-44
427,D,2/4/2025,1/7/2025,1/8/2025,16,87.22,15,4942.18,false,false,true,Web,Mobile,Social Media,35-44
428,C,4/1/2025,6/15/2025,3/11/2025,29,116.19,20,2422.3,false,true,false,iOS,Desktop,Social Media,35-44
429,E,10/6/2025,8/29/2025,8/20/2025,11,135.28,19,4029.55,false,false,false,Android,Mobile,Paid Search,18-24
430,A,9/14/2025,12/12/2025,12/21/2025,29,64.5,10,2416.86,false,false,false,Web,Tablet,Organic,55+
431,B,7/19/2025,6/4/2025,8/7/2025,9,142.82,16,1038.12,true,false,true,iOS,Mobile,Organic,35-44
432,E,5/19/2025,6/23/2025,10/18/2025,19,176.43,1,4025.88,false,true,true,Android,Desktop,Organic,55+
433,B,3/6/2025,4/24/2025,9/24/2025,14,4.95,5,4914.91,true,true,false,Android,Desktop,Paid Search,35-44
434,D,6/6/2025,8/19/2025,5/6/2025,2,169.06,16,3405.91,false,false,false,Web,Desktop,Paid Search,18-24
435,D,10/4/2025,5/5/2025,9/13/2025,2,147.3,4,1565.83,true,true,false,iOS,Desktop,Organic,18-24
436,C,11/23/2025,5/20/2025,1/28/2025,16,105.05,5,4004.13,true,true,true,Android,Desktop,Paid Search,18-24
437,D,5/25/2025,4/7/2025,7/21/2025,23,152.94,9,434.64,true,true,true,Web,Mobile,Paid Search,35-44
438,D,6/30/2025,1/10/2025,5/9/2025,19,127.75,15,4927.09,true,true,false,iOS,Desktop,Social Media,35-44
439,A,5/26/2025,11/20/2025,6/28/2025,28,79.59,14,1397.65,false,false,true,Android,Desktop,Organic,35-44
440,B,1/21/2025,12/22/2025,3/11/2025,11,124.18,8,2183.73,false,false,true,iOS,Mobile,Social Media,45-54
441,C,2/14/2025,11/9/2025,10/5/2025,1,42.34,6,775.12,true,true,false,Web,Desktop,Paid Search,45-54
442,B,3/4/2025,12/19/2025,9/10/2025,10,154.38,8,2945.75,true,true,true,iOS,Mobile,Referral,55+
443,E,12/16/2025,4/15/2025,6/11/2025,24,3.59,6,1225.86,true,true,true,iOS,Desktop,Referral,25-34
444,D,9/4/2025,5/18/2025,1/11/2025,3,52.87,7,4949.72,false,true,false,iOS,Mobile,Social Media,35-44
445,A,8/11/2025,10/5/2025,11/27/2025,6,108.11,5,3371.65,false,false,false,iOS,Desktop,Organic,35-44
446,B,7/27/2025,10/29/2025,10/16/2025,1,152.2,3,2151.16,true,true,false,iOS,Mobile,Social Media,55+
447,E,2/14/2025,1/31/2025,5/27/2025,29,3.42,5,4631.38,true,true,true,iOS,Mobile,Referral,25-34
448,C,7/25/2025,7/31/2025,9/13/2025,26,167.72,12,3371.4,false,false,false,Android,Desktop,Paid Search,35-44
449,B,3/6/2025,9/2/2025,1/12/2025,22,109.73,18,663.35,false,false,false,Web,Tablet,Referral,18-24
450,A,9/18/2025,9/22/2025,7/31/2025,5,119.19,5,3622.37,false,true,false,Android,Tablet,Organic,55+
451,E,4/11/2025,12/27/2025,11/12/2025,15,35.5,0,822.58,false,true,true,iOS,Tablet,Referral,45-54
452,E,8/9/2025,5/15/2025,7/22/2025,4,136.95,17,3538.3,false,false,true,Web,Mobile,Referral,45-54
453,C,1/6/2025,4/24/2025,9/10/2025,7,151.98,14,3077.82,false,true,false,Android,Mobile,Social Media,25-34
454,D,6/6/2025,3/30/2025,11/24/2025,9,55.28,15,127.07,true,true,true,Web,Tablet,Organic,18-24
455,A,7/8/2025,6/10/2025,2/3/2025,19,69.92,3,5.5,false,false,false,Android,Desktop,Organic,45-54
456,B,2/25/2025,10/6/2025,1/3/2025,9,90.92,11,3439.32,false,true,false,iOS,Mobile,Social Media,35-44
457,D,9/19/2025,11/24/2025,10/7/2025,13,75.78,13,3388.2,false,false,false,Web,Desktop,Referral,45-54
458,D,8/15/2025,8/25/2025,2/4/2025,15,16.6,0,1221.14,false,false,true,Web,Tablet,Referral,25-34
459,A,12/13/2025,3/21/2025,12/28/2025,9,123.6,5,4549.43,false,true,false,iOS,Tablet,Organic,18-24
460,D,3/24/2025,4/15/2025,8/31/2025,25,38.63,5,3863.93,false,false,false,Android,Desktop,Referral,55+
461,E,11/27/2025,9/2/2025,8/8/2025,5,163.15,16,1686.1,false,false,false,iOS,Desktop,Paid Search,25-34
462,E,3/7/2025,5/30/2025,11/20/2025,26,5.07,1,4714.25,true,true,true,Android,Desktop,Referral,25-34
463,A,7/29/2025,11/20/2025,5/12/2025,29,63.56,12,4549.85,false,false,true,Android,Desktop,Referral,25-34
464,D,5/31/2025,2/23/2025,10/17/2025,4,39.54,10,2482.89,true,true,false,Android,Tablet,Referral,45-54
465,B,8/16/2025,10/14/2025,11/10/2025,16,53.84,8,2969.31,false,true,false,Android,Tablet,Referral,35-44
466,A,2/27/2025,4/12/2025,2/22/2025,3,4.79,17,1054.56,false,true,false,Web,Mobile,Social Media,55+
467,E,2/26/2025,11/29/2025,4/21/2025,4,84.13,16,1763.72,false,true,false,Android,Tablet,Organic,55+
468,C,9/3/2025,5/22/2025,5/10/2025,6,153.25,3,1731.3,true,true,false,iOS,Tablet,Referral,35-44
469,E,1/20/2025,1/11/2025,12/14/2025,9,63.28,10,2544.33,true,false,false,Web,Mobile,Organic,45-54
470,B,2/10/2025,12/9/2025,4/29/2025,29,88.12,1,1919.71,true,false,true,Web,Desktop,Paid Search,55+
471,C,7/29/2025,4/28/2025,5/2/2025,21,71.78,2,1625.12,false,true,true,iOS,Tablet,Referral,18-24
472,E,6/17/2025,9/2/2025,8/20/2025,27,151.65,14,3639.14,false,false,true,Web,Mobile,Social Media,18-24
473,B,7/19/2025,7/10/2025,12/24/2025,16,68.54,6,1094.87,true,true,true,iOS,Tablet,Paid Search,35-44
474,D,12/14/2025,10/25/2025,7/21/2025,5,44.57,2,1803.72,false,true,true,iOS,Tablet,Social Media,45-54
475,E,10/31/2025,2/26/2025,3/26/2025,18,155.87,4,1306.9,false,true,false,Web,Desktop,Social Media,18-24
476,B,10/25/2025,1/8/2025,5/17/2025,7,31.73,7,1281.91,true,false,false,Web,Desktop,Social Media,35-44
477,E,10/26/2025,11/19/2025,8/18/2025,5,133.19,0,4102.92,true,true,false,Android,Desktop,Paid Search,35-44
478,B,11/11/2025,12/2/2025,1/23/2025,6,86.23,0,3636.89,false,false,true,Web,Tablet,Organic,45-54
479,A,1/28/2025,8/21/2025,4/7/2025,18,157.29,20,4447.44,true,false,true,Android,Desktop,Social Media,55+
480,C,12/3/2025,5/31/2025,2/11/2025,18,169.16,7,2995.31,true,false,true,iOS,Tablet,Paid Search,55+
481,B,12/4/2025,12/24/2025,1/18/2025,17,60.67,10,4429.12,false,false,true,Web,Mobile,Social Media,45-54
482,C,10/31/2025,5/23/2025,3/20/2025,12,3.1,12,4516.67,true,false,true,Web,Desktop,Organic,25-34
483,B,11/13/2025,10/28/2025,1/7/2025,17,12.67,6,4723.44,false,true,false,Android,Desktop,Social Media,45-54
484,C,6/29/2025,12/20/2025,1/17/2025,4,90.66,1,232.78,true,false,false,iOS,Mobile,Social Media,45-54
485,B,7/24/2025,5/9/2025,3/16/2025,15,66.95,4,1380.89,false,false,true,Web,Tablet,Paid Search,45-54
486,C,6/13/2025,5/1/2025,11/15/2025,4,136.54,20,1483.87,false,false,true,Web,Tablet,Organic,18-24
487,D,7/27/2025,8/23/2025,2/5/2025,2,105.31,4,554.22,true,true,false,iOS,Desktop,Paid Search,18-24
488,A,2/10/2025,12/5/2025,1/11/2025,9,55.07,19,4135.66,false,true,false,iOS,Mobile,Paid Search,25-34
489,B,3/28/2025,10/19/2025,8/18/2025,11,92.64,1,4098.35,true,true,false,iOS,Desktop,Social Media,18-24
490,A,10/24/2025,3/23/2025,3/8/2025,8,34.1,3,4161.49,true,true,true,Android,Desktop,Organic,18-24
491,E,8/4/2025,3/27/2025,8/2/2025,27,31.61,9,2213.7,false,true,true,Android,Desktop,Social Media,45-54
492,C,3/18/2025,11/14/2025,4/25/2025,25,177.42,14,3855.93,true,false,true,iOS,Desktop,Social Media,55+
493,A,12/5/2025,4/8/2025,3/14/2025,7,102.12,16,1296.41,false,false,true,Android,Tablet,Organic,45-54
494,B,3/4/2025,8/14/2025,5/26/2025,17,164.84,17,1015.4,true,true,true,Web,Desktop,Paid Search,55+
495,D,4/26/2025,6/2/2025,3/20/2025,21,55.46,4,1710.51,true,false,true,iOS,Desktop,Paid Search,55+
496,D,2/1/2025,12/24/2025,5/4/2025,5,119.26,15,1424.92,true,true,false,iOS,Tablet,Paid Search,55+
497,D,1/27/2025,12/15/2025,1/15/2025,22,99.14,3,3164.25,false,false,true,iOS,Mobile,Organic,55+
498,C,11/3/2025,11/17/2025,5/7/2025,2,125.38,5,658.01,false,false,true,Web,Tablet,Organic,55+
499,E,2/10/2025,8/29/2025,1/6/2025,30,102.6,18,4821.48,false,true,false,Android,Desktop,Social Media,55+
500,A,7/29/2025,8/27/2025,6/2/2025,17,127.6,3,1850.93,false,false,true,iOS,Desktop,Paid Search,18-24
501,E,1/10/2025,7/18/2025,9/7/2025,18,36.66,15,3189.62,false,true,false,iOS,Desktop,Social Media,35-44
502,D,3/24/2025,2/25/2025,3/30/2025,10,102.17,11,726.64,false,false,false,iOS,Desktop,Organic,25-34
503,C,9/29/2025,10/16/2025,4/15/2025,8,144.99,18,4953.44,true,true,false,iOS,Tablet,Referral,25-34
504,C,12/14/2025,5/23/2025,8/31/2025,9,123.24,20,4649.81,true,true,false,Web,Desktop,Social Media,55+
505,E,8/15/2025,10/11/2025,11/5/2025,18,1.76,8,3992.41,false,true,true,Web,Mobile,Referral,55+
506,B,8/15/2025,3/28/2025,6/23/2025,17,86.23,14,1598.14,false,true,false,Web,Tablet,Social Media,18-24
507,C,5/4/2025,9/30/2025,12/15/2025,18,2.49,9,2927.54,false,false,true,Web,Tablet,Organic,45-54
508,A,9/15/2025,2/2/2025,8/3/2025,9,12.02,7,221.4,false,false,false,iOS,Desktop,Paid Search,18-24
509,E,11/6/2025,6/8/2025,7/21/2025,1,64.22,18,4845.48,true,false,false,iOS,Mobile,Referral,25-34
510,C,3/2/2025,11/16/2025,11/20/2025,24,155.63,9,3760.35,true,false,true,Web,Tablet,Referral,35-44
511,E,8/1/2025,2/14/2025,1/26/2025,20,177.4,6,1610.25,true,false,true,iOS,Mobile,Social Media,18-24
512,D,9/4/2025,3/15/2025,11/14/2025,18,65.12,14,2854.65,true,true,true,iOS,Desktop,Paid Search,18-24
513,B,3/9/2025,11/4/2025,8/26/2025,2,31.03,9,2121.73,true,true,false,iOS,Desktop,Organic,55+
514,A,6/21/2025,12/16/2025,10/14/2025,15,12.75,3,231.92,true,false,false,Web,Desktop,Social Media,45-54
515,D,2/12/2025,8/14/2025,6/4/2025,17,49.66,16,4923.41,true,true,false,Android,Tablet,Paid Search,45-54
516,C,8/9/2025,11/6/2025,5/12/2025,16,154.07,9,4614.66,false,true,true,Android,Tablet,Social Media,18-24
517,B,11/18/2025,1/14/2025,12/24/2025,26,79.88,20,1983.23,false,false,true,Web,Desktop,Social Media,25-34
518,E,9/25/2025,8/12/2025,6/8/2025,14,46.82,1,398.34,true,false,false,iOS,Tablet,Paid Search,25-34
519,E,5/13/2025,1/10/2025,3/16/2025,25,58.66,17,1541.23,true,true,true,iOS,Mobile,Organic,55+
520,D,7/11/2025,7/20/2025,4/21/2025,22,13.87,20,2511.79,true,false,false,Web,Desktop,Referral,45-54
521,B,7/3/2025,3/15/2025,11/17/2025,2,5.84,7,4857.05,true,true,false,iOS,Desktop,Referral,55+
522,A,12/30/2025,7/3/2025,6/19/2025,28,42.18,9,910.91,true,false,false,iOS,Desktop,Organic,25-34
523,E,12/10/2025,4/12/2025,6/9/2025,24,21.83,18,4487.98,false,false,true,Web,Desktop,Paid Search,18-24
524,B,2/19/2025,11/2/2025,5/21/2025,11,162.28,10,402.45,false,true,true,Android,Tablet,Paid Search,18-24
525,C,1/5/2025,5/24/2025,1/8/2025,30,173.56,13,3467.67,true,true,true,iOS,Tablet,Organic,25-34
526,E,8/13/2025,2/12/2025,12/5/2025,14,47.81,13,3770.37,true,false,true,Web,Mobile,Social Media,55+
527,A,7/2/2025,5/6/2025,3/3/2025,17,65.22,4,3777.32,false,true,true,Android,Tablet,Social Media,25-34
528,C,6/9/2025,1/11/2025,5/16/2025,21,72.2,12,2988.86,false,true,false,Android,Desktop,Referral,25-34
529,E,12/29/2025,3/23/2025,1/4/2025,2,144.38,7,3158.52,false,false,true,iOS,Mobile,Social Media,45-54
530,C,6/19/2025,4/7/2025,11/30/2025,7,42.91,11,4063.14,false,false,false,Android,Desktop,Paid Search,45-54
531,B,7/25/2025,7/18/2025,12/12/2025,14,66.62,0,2052.77,false,true,true,Android,Desktop,Social Media,18-24
532,B,10/20/2025,3/5/2025,1/27/2025,10,55.42,11,4252.85,false,false,false,iOS,Mobile,Organic,25-34
533,D,4/21/2025,11/1/2025,8/17/2025,9,99.98,6,1243.23,false,true,true,Android,Desktop,Referral,45-54
534,D,5/29/2025,9/19/2025,2/18/2025,22,156.11,18,4175.59,false,true,false,Web,Desktop,Referral,25-34
535,D,11/3/2025,9/17/2025,11/13/2025,22,177.49,1,1073.46,false,true,true,iOS,Desktop,Referral,55+
536,C,3/3/2025,9/17/2025,5/5/2025,16,128.55,4,4278.13,false,true,true,Web,Mobile,Social Media,35-44
537,D,1/7/2025,11/12/2025,1/27/2025,16,14.53,7,643.12,false,true,true,Web,Desktop,Social Media,55+
538,E,11/10/2025,6/27/2025,10/22/2025,25,13.04,6,3366.32,true,false,true,Android,Desktop,Referral,18-24
539,C,10/15/2025,8/11/2025,7/25/2025,15,132.78,20,1203.82,true,false,true,Web,Mobile,Paid Search,18-24
540,A,2/14/2025,3/24/2025,3/2/2025,20,23.94,13,3249.5,true,false,true,Android,Mobile,Paid Search,55+
541,B,8/23/2025,12/30/2025,10/20/2025,2,41.09,14,2542.57,true,true,true,Web,Desktop,Paid Search,25-34
542,D,9/14/2025,12/16/2025,9/28/2025,13,91.72,12,2217.34,true,true,true,Web,Tablet,Referral,25-34
543,E,11/12/2025,2/1/2025,12/8/2025,28,54.59,5,2350.72,false,true,true,Web,Desktop,Organic,18-24
544,B,6/2/2025,11/30/2025,1/27/2025,6,126.58,17,533.45,false,false,true,Android,Mobile,Paid Search,25-34
545,E,4/28/2025,12/26/2025,6/28/2025,13,1.7,14,4839.08,true,true,false,Web,Tablet,Paid Search,35-44
546,D,1/3/2025,7/9/2025,6/13/2025,17,41.76,18,3185.5,true,true,true,iOS,Desktop,Organic,45-54
547,A,4/25/2025,10/20/2025,8/26/2025,27,76.15,14,594.82,true,false,true,Web,Mobile,Organic,18-24
548,C,2/5/2025,10/30/2025,8/11/2025,8,101.93,7,507.06,false,false,false,Web,Desktop,Social Media,35-44
549,D,1/22/2025,2/1/2025,7/14/2025,17,72.48,15,2226.05,false,true,true,Web,Desktop,Referral,18-24
550,C,2/23/2025,1/7/2025,11/22/2025,7,105.65,6,3678.74,false,true,false,Web,Tablet,Referral,45-54
551,B,12/9/2025,10/8/2025,8/23/2025,25,111.78,5,660.29,true,false,false,iOS,Mobile,Paid Search,45-54
552,A,8/6/2025,10/29/2025,10/22/2025,22,140.53,14,1759.62,true,false,true,iOS,Mobile,Organic,45-54
553,E,1/4/2025,11/10/2025,12/14/2025,29,110.98,4,1485.68,false,false,false,Web,Tablet,Organic,55+
554,E,8/29/2025,9/29/2025,11/24/2025,22,158.47,9,2232.45,false,false,false,iOS,Mobile,Paid Search,18-24
555,E,5/6/2025,1/9/2025,7/27/2025,9,68.66,2,3268.79,true,true,true,iOS,Mobile,Social Media,35-44
556,A,10/26/2025,7/4/2025,2/21/2025,25,62.4,16,4889.43,false,false,true,Web,Desktop,Organic,45-54
557,A,7/4/2025,6/30/2025,1/2/2025,30,28.74,19,2176.12,true,true,true,Android,Mobile,Social Media,25-34
558,B,1/15/2025,6/17/2025,11/11/2025,16,141.58,19,2121.08,false,false,false,iOS,Mobile,Referral,25-34
559,A,7/15/2025,7/24/2025,3/25/2025,18,46.05,10,3749.06,true,false,true,Web,Tablet,Paid Search,25-34
560,C,5/14/2025,10/14/2025,11/14/2025,2,36.55,4,2072.76,true,true,true,iOS,Desktop,Organic,18-24
561,E,9/26/2025,1/28/2025,5/1/2025,7,88.37,11,398.35,false,true,false,Web,Mobile,Social Media,25-34
562,A,6/9/2025,1/9/2025,11/22/2025,18,22.67,5,4837.68,false,false,false,Web,Desktop,Organic,45-54
563,C,3/23/2025,8/27/2025,3/11/2025,24,96.95,19,2380.94,false,true,true,Web,Tablet,Paid Search,55+
564,B,8/4/2025,5/12/2025,11/18/2025,4,142.36,8,4989.87,false,true,true,iOS,Mobile,Referral,45-54
565,B,6/25/2025,3/29/2025,5/23/2025,10,154.53,16,4409.93,false,true,true,Web,Tablet,Paid Search,45-54
566,A,9/11/2025,9/6/2025,8/8/2025,6,9.62,6,2021.03,true,true,true,Web,Tablet,Paid Search,25-34
567,D,2/7/2025,8/13/2025,10/24/2025,7,11.68,7,2458.66,true,false,false,iOS,Mobile,Referral,35-44
568,D,5/27/2025,5/29/2025,6/14/2025,15,175.69,8,2623.15,false,false,false,iOS,Tablet,Referral,45-54
569,C,11/27/2025,9/24/2025,4/9/2025,21,135.25,14,955.3,false,true,false,Web,Tablet,Organic,45-54
570,B,11/2/2025,9/12/2025,3/21/2025,6,93.21,13,2185.32,false,false,true,Web,Desktop,Paid Search,25-34
571,D,4/7/2025,4/14/2025,9/11/2025,19,21.9,8,1931.21,false,true,true,Android,Tablet,Social Media,18-24
572,E,11/26/2025,7/23/2025,4/1/2025,8,35.2,1,1524.49,true,true,true,iOS,Tablet,Paid Search,45-54
573,E,9/21/2025,5/25/2025,11/4/2025,7,112.83,16,1777.54,true,true,false,Android,Mobile,Paid Search,45-54
574,C,3/14/2025,6/27/2025,4/7/2025,30,154.44,20,514.6,true,true,false,Android,Mobile,Social Media,35-44
575,E,8/4/2025,2/20/2025,4/30/2025,5,7.62,8,4656.49,true,false,false,Web,Desktop,Paid Search,18-24
576,B,12/16/2025,3/31/2025,5/24/2025,7,7.41,9,1259.99,false,true,true,Web,Tablet,Paid Search,35-44
577,D,7/5/2025,9/24/2025,11/18/2025,5,39.1,20,2231.75,false,true,true,iOS,Mobile,Social Media,18-24
578,C,6/30/2025,9/5/2025,10/9/2025,22,140.94,8,2212.75,true,true,true,Android,Mobile,Paid Search,18-24
579,A,5/2/2025,9/2/2025,3/22/2025,28,10.12,8,2809.63,true,false,false,Web,Mobile,Organic,45-54
580,E,10/15/2025,2/14/2025,5/8/2025,27,15.5,20,1894.36,false,true,true,iOS,Tablet,Social Media,25-34
581,E,12/27/2025,5/13/2025,10/28/2025,13,134.73,13,3978.8,true,false,true,iOS,Desktop,Paid Search,55+
582,D,7/30/2025,12/1/2025,12/2/2025,10,149.05,8,135.09,true,true,false,Android,Tablet,Social Media,55+
583,C,12/7/2025,7/26/2025,3/30/2025,17,60.93,16,3440.11,false,false,true,Web,Desktop,Social Media,45-54
584,C,2/16/2025,6/23/2025,6/29/2025,15,169.92,3,1782.0,false,false,false,Web,Mobile,Social Media,18-24
585,A,8/31/2025,11/17/2025,8/11/2025,12,119.26,1,365.84,true,false,false,Web,Desktop,Referral,45-54
586,A,5/8/2025,3/7/2025,2/16/2025,11,12.22,7,2113.39,false,false,true,Android,Mobile,Organic,45-54
587,B,7/23/2025,10/27/2025,12/29/2025,16,130.77,8,4833.84,false,true,true,Web,Tablet,Paid Search,25-34
588,D,9/27/2025,2/18/2025,3/1/2025,16,136.46,16,2.45,true,true,false,Web,Tablet,Referral,35-44
589,D,5/20/2025,6/6/2025,11/18/2025,16,14.55,17,3259.11,false,false,true,Web,Desktop,Social Media,35-44
590,B,7/7/2025,1/16/2025,8/22/2025,24,151.64,2,4089.15,true,true,false,Web,Tablet,Referral,45-54
591,A,12/3/2025,10/24/2025,9/5/2025,14,118.19,4,519.94,true,true,false,Android,Mobile,Social Media,55+
592,B,5/15/2025,7/30/2025,2/27/2025,6,104.52,12,4905.68,false,true,true,Android,Desktop,Paid Search,45-54
593,A,10/11/2025,7/3/2025,10/30/2025,25,47.89,13,1408.32,false,true,false,Android,Mobile,Organic,55+
594,B,6/5/2025,3/24/2025,7/8/2025,20,97.32,20,444.24,false,false,false,iOS,Desktop,Organic,45-54
595,C,4/8/2025,5/28/2025,4/26/2025,12,159.2,5,1267.97,true,false,false,Android,Tablet,Paid Search,25-34
596,D,10/6/2025,10/24/2025,5/3/2025,27,169.29,9,576.48,false,true,false,Web,Tablet,Social Media,25-34
597,D,8/21/2025,3/18/2025,1/26/2025,15,45.44,10,1721.66,false,false,true,iOS,Tablet,Referral,55+
598,C,6/21/2025,8/20/2025,10/16/2025,12,175.49,4,1103.04,true,true,true,iOS,Mobile,Paid Search,35-44
599,C,5/28/2025,2/23/2025,12/26/2025,23,131.65,3,1872.16,false,false,true,iOS,Desktop,Paid Search,18-24
600,A,5/13/2025,3/28/2025,1/31/2025,18,24.64,4,512.49,false,false,false,Web,Tablet,Organic,25-34
601,A,1/25/2025,10/29/2025,4/14/2025,8,13.93,15,3391.4,false,true,false,iOS,Mobile,Referral,35-44
602,B,12/18/2025,5/13/2025,1/12/2025,30,46.43,1,3784.85,false,true,false,iOS,Tablet,Organic,45-54
603,A,1/23/2025,12/15/2025,6/15/2025,22,115.38,10,3836.29,false,false,true,Web,Desktop,Organic,35-44
604,D,12/2/2025,11/17/2025,4/7/2025,17,28.59,9,3428.33,true,false,false,Web,Desktop,Referral,55+
605,B,10/15/2025,2/10/2025,4/2/2025,21,22.83,0,1304.74,false,true,true,Android,Desktop,Paid Search,25-34
606,A,2/20/2025,9/27/2025,10/3/2025,30,129.79,12,4135.96,true,true,false,Web,Mobile,Referral,55+
607,C,4/23/2025,1/12/2025,1/16/2025,29,60.66,17,4534.01,true,true,false,Android,Mobile,Referral,18-24
608,B,1/5/2025,11/5/2025,11/3/2025,30,156.58,4,1645.53,false,false,false,Web,Tablet,Referral,45-54
609,C,3/29/2025,5/30/2025,12/14/2025,4,24.11,3,1808.73,false,true,false,Android,Desktop,Paid Search,18-24
610,E,3/25/2025,2/19/2025,7/14/2025,10,113.56,8,4205.87,true,false,true,Android,Tablet,Paid Search,18-24
611,E,12/4/2025,5/5/2025,5/12/2025,15,165.69,1,3505.51,true,false,true,Android,Tablet,Referral,45-54
612,E,9/17/2025,7/21/2025,9/26/2025,6,160.07,12,4115.55,true,true,false,Android,Tablet,Referral,55+
613,D,5/16/2025,11/5/2025,12/11/2025,2,73.45,0,3233.84,false,true,true,iOS,Desktop,Social Media,18-24
614,C,5/26/2025,6/14/2025,10/5/2025,24,60.78,7,3768.22,false,false,false,iOS,Tablet,Paid Search,55+
615,A,9/18/2025,11/27/2025,1/30/2025,28,27.22,17,2870.12,false,true,false,Web,Tablet,Organic,55+
616,D,10/8/2025,11/22/2025,1/28/2025,16,6.84,19,1532.23,true,false,true,Web,Tablet,Paid Search,18-24
617,B,1/30/2025,9/29/2025,10/7/2025,24,177.3,7,3290.96,false,false,true,iOS,Desktop,Social Media,25-34
618,E,7/23/2025,11/20/2025,6/1/2025,20,176.56,5,3376.27,true,false,false,Android,Tablet,Organic,45-54
619,D,7/9/2025,7/6/2025,8/29/2025,6,126.3,9,2842.63,false,false,true,iOS,Desktop,Organic,18-24
620,C,1/28/2025,1/9/2025,7/3/2025,21,26.01,17,723.79,true,false,true,Android,Desktop,Organic,55+
621,A,5/20/2025,7/15/2025,6/8/2025,28,168.19,2,4641.67,true,false,true,Web,Tablet,Organic,25-34
622,E,3/12/2025,5/8/2025,12/23/2025,2,51.44,16,1637.61,true,true,true,Web,Desktop,Paid Search,18-24
623,B,3/1/2025,7/7/2025,4/15/2025,28,37.3,20,3060.9,false,true,true,iOS,Mobile,Referral,45-54
624,D,7/5/2025,3/19/2025,1/6/2025,4,19.45,5,2700.09,false,false,true,iOS,Tablet,Referral,45-54
625,D,10/11/2025,3/23/2025,1/8/2025,24,29.18,10,426.65,false,true,false,iOS,Desktop,Organic,25-34
626,A,10/3/2025,7/19/2025,12/20/2025,19,58.37,9,1749.59,true,true,true,iOS,Mobile,Organic,18-24
627,D,4/11/2025,6/8/2025,3/15/2025,18,97.96,18,1613.09,true,true,false,Android,Tablet,Social Media,45-54
628,B,10/26/2025,1/6/2025,7/28/2025,19,158.96,19,2866.38,true,true,true,iOS,Mobile,Paid Search,45-54
629,E,10/5/2025,3/28/2025,12/3/2025,24,55.98,14,4349.62,true,true,true,Android,Desktop,Social Media,25-34
630,B,2/17/2025,3/29/2025,5/15/2025,21,74.66,16,4465.15,true,true,true,iOS,Mobile,Paid Search,18-24
631,C,11/24/2025,6/28/2025,10/20/2025,16,109.79,13,422.77,false,false,false,Web,Tablet,Paid Search,25-34
632,B,6/13/2025,1/23/2025,4/14/2025,21,113.02,19,711.79,true,true,false,Android,Desktop,Referral,18-24
633,C,8/15/2025,4/2/2025,9/5/2025,29,174.47,11,3137.09,true,true,true,Web,Mobile,Referral,18-24
634,A,7/19/2025,11/12/2025,4/24/2025,16,145.63,8,884.06,true,false,false,Android,Mobile,Referral,25-34
635,E,7/26/2025,3/24/2025,8/18/2025,26,72.67,7,3681.2,true,true,false,Android,Desktop,Organic,55+
636,B,10/20/2025,3/15/2025,6/8/2025,11,48.18,6,4859.66,false,true,true,iOS,Tablet,Organic,45-54
637,B,3/15/2025,5/11/2025,5/28/2025,12,156.49,5,3692.18,true,false,true,Web,Tablet,Social Media,25-34
638,E,11/21/2025,1/16/2025,1/26/2025,16,83.32,18,2929.24,false,false,false,Web,Tablet,Social Media,35-44
639,A,4/29/2025,3/2/2025,5/5/2025,25,108.38,5,4783.88,true,false,true,iOS,Desktop,Organic,45-54
640,B,2/10/2025,1/11/2025,10/15/2025,15,20.61,13,1962.14,true,false,true,Web,Desktop,Organic,35-44
641,C,3/9/2025,12/4/2025,7/3/2025,3,171.63,16,1447.45,true,true,true,Android,Tablet,Organic,18-24
642,E,1/7/2025,2/13/2025,3/15/2025,8,25.33,7,4038.36,false,true,false,iOS,Tablet,Paid Search,25-34
643,A,3/19/2025,7/15/2025,7/1/2025,5,27.67,6,2939.5,true,false,false,Web,Desktop,Social Media,18-24
644,D,1/19/2025,4/20/2025,9/15/2025,19,20.46,19,2069.73,true,true,false,Android,Mobile,Social Media,55+
645,B,8/25/2025,6/23/2025,8/12/2025,17,175.61,10,553.0,true,false,false,Web,Desktop,Referral,18-24
646,D,9/19/2025,9/11/2025,11/14/2025,3,10.4,12,1085.95,false,false,false,Web,Mobile,Referral,45-54
647,C,6/8/2025,5/14/2025,11/9/2025,8,81.54,18,4383.07,true,false,false,Web,Desktop,Referral,25-34
648,D,6/22/2025,4/10/2025,6/21/2025,7,59.47,17,3091.33,true,true,false,Android,Tablet,Referral,55+
649,D,11/29/2025,1/7/2025,5/9/2025,21,79.72,10,2840.55,false,true,false,Web,Desktop,Organic,55+
650,C,7/2/2025,6/18/2025,1/9/2025,13,40.84,0,1278.05,true,true,false,iOS,Tablet,Organic,55+
651,B,9/7/2025,12/12/2025,1/27/2025,5,87.71,7,2694.83,true,true,true,Web,Tablet,Paid Search,35-44
652,B,2/20/2025,1/5/2025,10/27/2025,22,108.55,4,4630.64,true,true,false,Web,Tablet,Referral,25-34
653,D,6/14/2025,12/10/2025,11/18/2025,10,153.63,15,2651.77,false,true,false,Web,Mobile,Paid Search,55+
654,C,2/16/2025,5/10/2025,6/17/2025,21,78.25,2,1519.35,false,false,false,iOS,Tablet,Organic,25-34
655,D,7/4/2025,4/11/2025,1/13/2025,22,70.34,18,2578.63,false,true,true,Android,Mobile,Referral,55+
656,C,7/6/2025,11/8/2025,1/20/2025,22,26.97,11,3352.26,true,false,true,Web,Desktop,Organic,45-54
657,C,4/16/2025,10/11/2025,10/27/2025,20,28.78,12,3013.53,false,true,true,Web,Desktop,Social Media,25-34
658,A,3/10/2025,8/7/2025,8/15/2025,20,72.5,5,4856.4,true,false,false,Android,Mobile,Paid Search,18-24
659,B,6/1/2025,6/9/2025,1/3/2025,21,120.32,20,587.38,true,false,false,iOS,Tablet,Social Media,35-44
660,B,2/14/2025,11/19/2025,4/20/2025,13,5.15,20,3472.49,false,false,true,Web,Desktop,Paid Search,25-34
661,B,6/7/2025,10/2/2025,4/12/2025,12,89.57,17,2747.96,true,true,true,Android,Mobile,Referral,18-24
662,B,9/16/2025,1/7/2025,5/28/2025,14,109.24,8,1811.11,true,true,false,Web,Desktop,Referral,25-34
663,D,2/5/2025,2/20/2025,12/25/2025,27,121.01,14,1415.68,false,false,false,iOS,Mobile,Referral,35-44
664,A,2/27/2025,4/13/2025,11/2/2025,19,24.31,20,2272.33,false,true,true,Web,Desktop,Referral,25-34
665,B,10/2/2025,6/13/2025,5/6/2025,16,117.6,0,4620.24,false,true,true,Android,Desktop,Paid Search,55+
666,D,5/13/2025,12/26/2025,9/13/2025,28,113.09,19,2358.82,false,true,false,iOS,Desktop,Paid Search,35-44
667,D,8/18/2025,4/19/2025,2/26/2025,4,123.63,3,2510.2,false,false,true,Web,Tablet,Organic,35-44
668,C,4/16/2025,4/2/2025,9/20/2025,3,129.1,6,815.48,true,false,false,Web,Desktop,Organic,25-34
669,B,10/24/2025,2/11/2025,11/2/2025,22,22.58,12,827.14,false,true,true,Android,Tablet,Organic,18-24
670,B,4/6/2025,9/5/2025,12/15/2025,27,31.5,10,867.81,true,true,true,Android,Mobile,Social Media,18-24
671,A,8/27/2025,7/28/2025,7/29/2025,13,16.62,1,898.25,true,false,true,iOS,Desktop,Organic,35-44
672,C,4/4/2025,12/22/2025,7/7/2025,3,55.69,0,2275.71,false,false,false,Web,Tablet,Paid Search,35-44
673,A,8/13/2025,3/28/2025,2/6/2025,1,151.22,16,4472.43,false,false,false,Android,Tablet,Referral,55+
674,B,3/12/2025,9/30/2025,8/18/2025,17,139.91,1,2088.5,false,false,true,iOS,Mobile,Paid Search,18-24
675,D,11/5/2025,4/27/2025,2/14/2025,2,161.8,13,1974.56,false,true,true,Web,Desktop,Paid Search,35-44
676,A,6/14/2025,2/26/2025,3/28/2025,26,56.77,4,2102.45,true,true,true,iOS,Tablet,Referral,18-24
677,D,8/19/2025,12/13/2025,5/12/2025,10,22.9,6,1231.86,false,false,true,iOS,Mobile,Organic,55+
678,D,3/21/2025,2/14/2025,3/13/2025,24,52.03,15,3704.05,true,false,false,iOS,Mobile,Organic,35-44
679,D,7/1/2025,9/28/2025,1/11/2025,2,7.23,14,2324.53,true,true,false,Android,Desktop,Organic,25-34
680,E,1/21/2025,4/7/2025,10/25/2025,3,129.42,1,67.52,false,false,true,iOS,Mobile,Referral,45-54
681,B,7/16/2025,8/26/2025,5/25/2025,14,176.31,11,2299.36,true,false,false,Android,Tablet,Organic,35-44
682,C,9/5/2025,11/13/2025,6/28/2025,7,148.81,3,2125.24,false,true,false,iOS,Mobile,Referral,35-44
683,B,1/10/2025,1/4/2025,7/24/2025,24,4.06,5,1722.34,false,false,true,Android,Tablet,Organic,35-44
684,A,11/4/2025,6/23/2025,5/14/2025,12,31.05,19,1064.02,true,true,true,iOS,Mobile,Social Media,45-54
685,B,4/24/2025,3/10/2025,6/9/2025,1,95.91,18,3153.56,false,false,true,Android,Tablet,Social Media,55+
686,A,9/19/2025,1/15/2025,7/22/2025,22,139.22,2,1567.73,true,false,true,iOS,Mobile,Referral,25-34
687,C,2/27/2025,6/18/2025,7/21/2025,8,150.92,20,1322.95,false,false,false,Web,Desktop,Social Media,45-54
688,E,4/6/2025,3/9/2025,12/1/2025,23,112.96,0,4259.82,true,true,false,Android,Mobile,Paid Search,25-34
689,E,4/28/2025,10/31/2025,2/22/2025,17,1.37,20,4419.01,false,true,false,Web,Tablet,Referral,18-24
690,C,10/28/2025,2/2/2025,6/13/2025,18,19.15,3,1764.59,false,true,true,Android,Tablet,Referral,25-34
691,D,11/26/2025,5/17/2025,1/16/2025,26,142.35,11,4594.08,false,true,true,Web,Mobile,Paid Search,55+
692,E,2/13/2025,5/2/2025,6/20/2025,29,34.67,11,575.67,true,false,false,Android,Tablet,Paid Search,18-24
693,C,2/7/2025,5/26/2025,1/20/2025,7,141.09,10,3364.37,false,true,true,Android,Mobile,Organic,55+
694,A,5/20/2025,3/26/2025,3/22/2025,30,112.09,2,591.36,true,false,false,Web,Desktop,Organic,25-34
695,C,9/26/2025,1/22/2025,4/11/2025,4,64.82,11,3855.96,true,false,true,Android,Mobile,Referral,18-24
696,C,3/24/2025,4/20/2025,9/7/2025,14,158.32,3,2086.94,true,false,true,iOS,Mobile,Social Media,55+
697,E,4/19/2025,6/10/2025,8/11/2025,4,27.27,15,2681.27,false,true,true,Web,Mobile,Paid Search,35-44
698,E,4/17/2025,5/26/2025,12/20/2025,10,67.13,17,4941.56,true,false,false,iOS,Mobile,Referral,35-44
699,C,5/31/2025,2/15/2025,3/12/2025,23,37.28,20,688.8,false,false,true,Web,Tablet,Paid Search,45-54
700,E,4/21/2025,4/6/2025,4/16/2025,1,146.47,4,1623.9,false,false,true,Android,Desktop,Paid Search,45-54
701,D,5/23/2025,8/18/2025,3/10/2025,26,124.57,12,4436.46,false,false,true,iOS,Tablet,Social Media,45-54
702,A,8/29/2025,10/27/2025,5/25/2025,8,165.87,8,292.19,false,false,false,iOS,Tablet,Paid Search,25-34
703,C,7/15/2025,6/28/2025,4/10/2025,19,18.96,13,648.1,true,true,true,Web,Desktop,Paid Search,18-24
704,C,8/16/2025,11/28/2025,10/29/2025,20,91.79,5,4560.95,true,false,false,Web,Tablet,Organic,55+
705,C,9/10/2025,4/20/2025,9/7/2025,21,114.33,1,4435.05,true,true,true,Android,Desktop,Paid Search,18-24
706,C,1/28/2025,12/16/2025,5/3/2025,11,167.22,4,2073.97,false,true,false,Web,Tablet,Referral,55+
707,E,10/27/2025,7/9/2025,3/31/2025,11,96.28,18,4937.21,false,false,false,Android,Tablet,Social Media,55+
708,A,3/17/2025,7/13/2025,6/11/2025,4,126.8,20,3096.13,true,false,true,Web,Mobile,Paid Search,25-34
709,A,7/28/2025,8/2/2025,6/14/2025,4,27.32,1,2264.8,false,false,true,Android,Desktop,Referral,45-54
710,E,10/16/2025,12/9/2025,11/14/2025,13,48.27,4,4865.66,true,true,true,Android,Desktop,Paid Search,25-34
711,C,4/23/2025,9/27/2025,12/25/2025,14,44.08,1,2555.76,false,false,false,iOS,Mobile,Paid Search,55+
712,C,6/18/2025,6/14/2025,12/19/2025,5,161.99,3,34.61,true,true,true,Web,Desktop,Referral,18-24
713,C,10/30/2025,2/15/2025,7/26/2025,9,177.04,12,2111.05,true,true,false,iOS,Desktop,Paid Search,25-34
714,B,12/17/2025,4/24/2025,2/6/2025,17,169.46,5,978.71,true,false,true,Web,Mobile,Referral,45-54
715,A,3/3/2025,3/7/2025,3/5/2025,26,77.42,8,1324.57,false,true,false,Web,Tablet,Paid Search,35-44
716,E,7/25/2025,9/22/2025,4/30/2025,28,120.07,1,1459.02,false,false,true,Web,Desktop,Referral,55+
717,A,1/20/2025,6/13/2025,4/6/2025,18,6.53,5,3735.36,false,true,false,Android,Tablet,Paid Search,18-24
718,D,3/5/2025,10/25/2025,11/21/2025,6,145.81,19,4738.1,true,true,false,Web,Mobile,Organic,25-34
719,D,4/29/2025,7/12/2025,11/3/2025,11,133.01,12,4647.89,false,true,false,Android,Mobile,Organic,18-24
720,A,10/7/2025,9/1/2025,6/20/2025,16,92.88,0,3282.09,false,true,true,iOS,Desktop,Paid Search,45-54
721,C,11/12/2025,4/14/2025,6/5/2025,1,125.14,18,1103.53,false,true,true,Web,Mobile,Organic,55+
722,B,1/1/2025,7/2/2025,10/2/2025,30,45.81,2,3756.09,true,false,true,iOS,Mobile,Organic,35-44
723,A,10/17/2025,12/5/2025,5/21/2025,19,165.99,15,476.84,false,true,true,Android,Desktop,Organic,55+
724,A,2/22/2025,12/6/2025,3/30/2025,4,117.86,10,1845.63,true,false,true,Web,Desktop,Organic,55+
725,C,7/3/2025,5/1/2025,12/2/2025,10,32.8,16,1842.58,false,false,false,Web,Tablet,Organic,35-44
726,B,6/7/2025,11/10/2025,1/28/2025,15,102.21,11,1530.44,false,true,true,iOS,Desktop,Social Media,35-44
727,A,8/17/2025,9/28/2025,1/7/2025,10,147.11,10,71.69,true,true,false,iOS,Tablet,Referral,55+
728,A,3/29/2025,9/6/2025,12/20/2025,26,130.39,0,166.48,true,false,false,Web,Desktop,Paid Search,55+
729,D,8/14/2025,3/8/2025,7/17/2025,19,42.35,15,2179.37,false,true,true,Android,Mobile,Paid Search,55+
730,A,8/30/2025,8/5/2025,8/29/2025,17,68.73,17,3083.7,true,false,false,iOS,Mobile,Organic,25-34
731,D,8/15/2025,8/31/2025,11/23/2025,30,38.1,4,2992.62,false,false,true,iOS,Tablet,Paid Search,55+
732,A,7/25/2025,8/8/2025,6/16/2025,3,163.86,5,2168.23,true,true,true,iOS,Tablet,Social Media,35-44
733,C,6/1/2025,5/3/2025,9/10/2025,25,131.62,7,4108.78,true,true,true,Android,Mobile,Paid Search,45-54
734,E,9/15/2025,11/28/2025,8/15/2025,12,174.64,10,3460.79,false,false,false,Android,Tablet,Paid Search,18-24
735,D,4/3/2025,2/26/2025,9/27/2025,4,81.73,6,3730.77,false,true,false,iOS,Tablet,Referral,45-54
736,C,7/1/2025,10/20/2025,6/6/2025,28,87.9,17,4850.01,false,false,true,iOS,Tablet,Paid Search,45-54
737,D,11/16/2025,7/7/2025,6/5/2025,30,72.62,2,4752.0,true,true,true,iOS,Desktop,Organic,25-34
738,B,12/27/2025,10/26/2025,6/7/2025,30,73.05,6,1762.55,false,false,true,Web,Tablet,Paid Search,35-44
739,E,12/6/2025,2/4/2025,10/21/2025,21,44.26,9,1232.83,true,false,false,Android,Desktop,Referral,35-44
740,C,10/26/2025,12/6/2025,6/28/2025,28,66.26,14,4260.58,true,true,false,Web,Tablet,Referral,25-34
741,B,2/12/2025,5/22/2025,8/29/2025,27,45.93,8,3003.5,true,false,false,Web,Mobile,Referral,45-54
742,B,1/1/2025,11/6/2025,11/8/2025,29,131.91,17,2021.04,false,true,true,Android,Desktop,Social Media,55+
743,D,8/31/2025,3/10/2025,12/1/2025,17,78.96,11,838.33,false,false,true,iOS,Mobile,Organic,55+
744,A,11/28/2025,2/13/2025,6/23/2025,22,27.82,9,4509.88,false,false,true,iOS,Desktop,Organic,35-44
745,E,2/28/2025,4/6/2025,8/18/2025,7,74.89,19,4857.87,true,true,true,iOS,Mobile,Social Media,25-34
746,D,4/10/2025,2/11/2025,8/25/2025,13,123.95,7,4143.46,true,false,false,iOS,Desktop,Paid Search,18-24
747,D,1/10/2025,6/15/2025,7/28/2025,16,32.98,5,986.67,true,false,true,Web,Desktop,Paid Search,25-34
748,E,7/1/2025,4/8/2025,10/13/2025,6,1.33,18,2890.75,true,true,false,Web,Tablet,Social Media,45-54
749,C,1/16/2025,9/28/2025,10/19/2025,19,82.51,6,4692.33,true,true,true,Web,Mobile,Organic,45-54
750,D,11/15/2025,1/28/2025,8/19/2025,14,47.42,7,2908.58,true,true,false,Android,Desktop,Social Media,45-54
751,B,3/20/2025,10/7/2025,10/26/2025,21,111.68,16,272.0,true,true,true,Web,Mobile,Referral,18-24
752,E,6/22/2025,11/7/2025,7/19/2025,17,60.09,6,2442.56,false,false,false,Android,Tablet,Paid Search,35-44
753,B,3/5/2025,3/25/2025,5/10/2025,23,102.8,12,791.45,true,false,true,Web,Desktop,Paid Search,35-44
754,A,12/5/2025,9/5/2025,4/10/2025,21,141.09,7,4877.03,false,false,false,Android,Tablet,Referral,25-34
755,B,10/21/2025,4/29/2025,4/29/2025,22,149.28,20,2410.15,true,false,false,iOS,Desktop,Social Media,25-34
756,B,12/18/2025,2/23/2025,12/10/2025,10,129.61,0,4311.52,true,false,false,iOS,Desktop,Paid Search,45-54
757,D,2/25/2025,1/25/2025,10/29/2025,17,175.65,2,3104.96,true,false,false,Android,Desktop,Social Media,18-24
758,E,1/8/2025,8/19/2025,12/20/2025,28,151.52,6,4287.37,true,false,false,Android,Mobile,Social Media,55+
759,C,6/15/2025,1/29/2025,11/2/2025,10,108.89,14,2171.45,true,false,false,Web,Desktop,Referral,55+
760,B,3/9/2025,1/2/2025,6/23/2025,21,47.45,8,4031.45,true,false,true,Android,Desktop,Referral,45-54
761,B,5/14/2025,1/9/2025,1/19/2025,21,38.01,20,3864.47,true,false,true,iOS,Tablet,Organic,45-54
762,B,7/29/2025,2/28/2025,11/5/2025,15,91.97,20,761.31,true,true,false,iOS,Mobile,Paid Search,35-44
763,E,5/26/2025,12/19/2025,6/14/2025,21,132.53,19,3512.28,true,false,false,Android,Mobile,Social Media,55+
764,C,12/12/2025,6/25/2025,10/9/2025,19,68.19,16,2968.73,true,true,true,Web,Desktop,Social Media,25-34
765,B,5/21/2025,9/29/2025,3/21/2025,12,41.44,10,4359.23,false,false,true,Android,Mobile,Paid Search,18-24
766,C,9/15/2025,9/10/2025,6/29/2025,5,62.32,18,1945.07,false,true,false,iOS,Desktop,Social Media,35-44
767,B,11/28/2025,7/23/2025,5/18/2025,9,25.96,18,3221.35,true,true,true,Android,Mobile,Organic,25-34
768,A,2/23/2025,1/19/2025,2/27/2025,7,50.6,7,4560.04,true,true,true,iOS,Tablet,Paid Search,18-24
769,A,2/20/2025,6/29/2025,7/9/2025,27,130.02,20,2768.82,true,false,true,iOS,Desktop,Paid Search,18-24
770,C,4/21/2025,6/8/2025,4/22/2025,8,97.25,9,3390.08,false,true,false,iOS,Desktop,Referral,25-34
771,E,11/2/2025,10/4/2025,11/27/2025,30,85.74,19,2956.46,false,true,false,iOS,Desktop,Paid Search,55+
772,A,3/27/2025,7/30/2025,1/6/2025,7,153.43,7,293.66,false,false,false,Android,Tablet,Social Media,18-24
773,B,11/8/2025,4/20/2025,3/25/2025,18,122.09,1,2348.02,true,true,false,iOS,Mobile,Paid Search,55+
774,C,7/17/2025,10/29/2025,4/5/2025,3,94.89,7,265.13,true,false,true,Web,Tablet,Organic,25-34
775,A,11/9/2025,7/10/2025,1/8/2025,17,128.29,16,4059.27,false,true,false,Android,Mobile,Paid Search,55+
776,E,3/11/2025,10/15/2025,2/3/2025,2,156.61,9,3554.75,false,false,false,iOS,Mobile,Referral,35-44
777,E,3/27/2025,7/23/2025,8/11/2025,16,101.39,12,1801.81,false,true,true,Android,Mobile,Referral,18-24
778,C,9/26/2025,8/13/2025,11/20/2025,18,170.5,9,68.13,true,true,false,Android,Mobile,Referral,55+
779,D,11/4/2025,5/26/2025,6/10/2025,29,133.98,16,3400.03,false,true,true,Android,Desktop,Social Media,55+
780,A,9/8/2025,2/25/2025,1/24/2025,22,168.34,1,3805.67,false,true,false,iOS,Desktop,Organic,55+
781,A,12/4/2025,8/4/2025,1/13/2025,13,61.98,0,4574.91,true,false,true,iOS,Desktop,Social Media,45-54
782,D,1/5/2025,6/18/2025,5/15/2025,2,120.11,7,2557.69,true,false,false,Android,Tablet,Referral,25-34
783,A,4/3/2025,1/7/2025,9/24/2025,9,170.51,19,3946.11,false,false,true,Android,Tablet,Organic,35-44
784,D,10/29/2025,4/13/2025,10/20/2025,7,169.91,3,3506.89,false,true,true,Android,Tablet,Social Media,25-34
785,D,7/17/2025,9/6/2025,7/5/2025,21,80.14,2,2268.96,true,false,true,Android,Tablet,Social Media,35-44
786,A,11/4/2025,3/14/2025,6/11/2025,11,48.8,9,4013.86,false,true,true,Web,Mobile,Referral,55+
787,C,11/22/2025,5/12/2025,2/3/2025,29,105.82,1,4207.5,true,true,true,Android,Desktop,Paid Search,18-24
788,D,6/30/2025,8/18/2025,4/8/2025,3,153.63,7,402.68,false,true,false,iOS,Mobile,Referral,55+
789,B,9/25/2025,8/14/2025,11/27/2025,17,73.69,0,299.72,false,false,true,Android,Desktop,Paid Search,45-54
790,B,4/6/2025,5/23/2025,6/27/2025,8,87.78,10,269.08,false,true,false,Web,Tablet,Social Media,18-24
791,E,7/17/2025,3/13/2025,10/19/2025,21,171.54,0,589.8,true,false,true,iOS,Tablet,Referral,35-44
792,D,3/30/2025,4/25/2025,2/28/2025,16,101.58,13,3638.63,false,true,false,Android,Desktop,Organic,18-24
793,E,11/11/2025,12/23/2025,5/8/2025,9,74.67,14,4964.1,false,true,false,Android,Mobile,Organic,25-34
794,B,3/10/2025,8/20/2025,1/23/2025,6,106.67,13,438.35,false,false,false,iOS,Mobile,Organic,35-44
795,E,10/4/2025,12/28/2025,12/24/2025,29,53.76,2,3590.73,false,false,false,iOS,Mobile,Paid Search,25-34
796,E,7/13/2025,7/12/2025,5/6/2025,16,62.28,12,312.73,false,true,true,iOS,Tablet,Paid Search,25-34
797,E,4/3/2025,3/25/2025,8/2/2025,9,85.84,15,4798.96,true,true,true,Web,Desktop,Organic,45-54
798,D,5/11/2025,8/12/2025,7/29/2025,27,62.12,1,4469.68,false,true,false,iOS,Tablet,Paid Search,25-34
799,B,8/20/2025,7/10/2025,7/6/2025,25,113.54,7,563.23,true,false,true,iOS,Mobile,Organic,55+
800,A,11/6/2025,5/16/2025,12/8/2025,12,36.82,5,1206.59,true,true,true,Web,Mobile,Organic,45-54
801,B,9/4/2025,7/28/2025,4/4/2025,23,177.95,9,194.69,true,false,true,Android,Tablet,Organic,45-54
802,D,4/10/2025,3/6/2025,6/14/2025,23,148.24,4,1402.1,true,false,false,Web,Tablet,Social Media,18-24
803,A,4/23/2025,6/21/2025,12/14/2025,7,84.0,16,1626.69,true,true,true,Android,Mobile,Organic,25-34
804,A,7/24/2025,6/22/2025,4/1/2025,30,8.55,19,1110.41,false,false,true,Android,Mobile,Social Media,45-54
805,A,2/2/2025,8/17/2025,10/14/2025,26,139.79,0,739.65,true,true,true,Web,Desktop,Referral,18-24
806,C,5/12/2025,12/19/2025,10/24/2025,17,168.04,0,2140.91,false,false,true,Android,Tablet,Paid Search,18-24
807,E,1/13/2025,4/6/2025,4/6/2025,10,68.0,16,210.86,true,true,false,iOS,Tablet,Social Media,55+
808,C,4/11/2025,6/10/2025,2/13/2025,22,34.97,18,3584.3,true,false,false,Web,Mobile,Referral,45-54
809,A,8/2/2025,9/9/2025,8/9/2025,17,98.32,7,1299.32,false,true,false,iOS,Mobile,Organic,25-34
810,C,3/19/2025,3/13/2025,4/29/2025,11,151.31,1,2452.67,false,true,true,iOS,Desktop,Referral,35-44
811,C,5/23/2025,11/12/2025,9/28/2025,12,99.64,9,1531.36,true,true,true,iOS,Tablet,Referral,45-54
812,B,4/13/2025,3/22/2025,9/4/2025,29,77.99,2,899.27,false,false,true,Android,Desktop,Organic,25-34
813,D,2/19/2025,12/20/2025,12/4/2025,28,95.33,0,4705.95,true,false,false,Web,Desktop,Paid Search,45-54
814,A,6/28/2025,8/31/2025,5/7/2025,4,164.06,9,1563.18,false,false,false,iOS,Tablet,Social Media,25-34
815,B,10/12/2025,10/3/2025,7/23/2025,29,53.25,18,541.32,true,true,false,Web,Tablet,Paid Search,45-54
816,C,8/4/2025,10/4/2025,4/5/2025,7,140.62,3,1813.77,false,false,true,Android,Desktop,Paid Search,45-54
817,A,3/14/2025,8/15/2025,2/19/2025,10,36.2,10,4703.97,false,false,false,iOS,Tablet,Paid Search,55+
818,B,11/11/2025,9/30/2025,7/6/2025,15,135.18,12,777.16,true,true,true,Web,Desktop,Paid Search,55+
819,C,10/15/2025,6/4/2025,5/23/2025,18,171.61,17,370.11,false,true,true,iOS,Tablet,Social Media,55+
820,B,12/12/2025,9/30/2025,2/1/2025,20,17.21,6,2626.89,false,false,true,Android,Mobile,Organic,25-34
821,C,11/13/2025,7/27/2025,12/10/2025,10,63.29,4,1075.68,true,true,true,Android,Tablet,Referral,25-34
822,A,9/26/2025,10/6/2025,6/26/2025,11,39.63,12,4321.64,false,true,true,Android,Mobile,Social Media,35-44
823,B,8/10/2025,4/5/2025,10/16/2025,11,148.22,14,3148.01,true,true,false,Android,Desktop,Organic,35-44
824,C,5/9/2025,5/7/2025,8/20/2025,29,101.77,13,1956.91,true,false,true,Web,Desktop,Paid Search,45-54
825,B,6/30/2025,1/13/2025,2/19/2025,18,39.44,16,3648.7,false,false,true,Android,Tablet,Social Media,35-44
826,B,12/9/2025,5/3/2025,3/4/2025,2,9.7,15,3013.57,false,false,false,Android,Mobile,Paid Search,18-24
827,C,4/22/2025,9/23/2025,11/13/2025,15,11.96,18,1817.29,false,true,false,Web,Desktop,Organic,55+
828,E,12/3/2025,9/11/2025,4/30/2025,6,91.3,13,99.58,true,false,true,Android,Mobile,Organic,45-54
829,B,5/20/2025,5/4/2025,12/5/2025,1,107.6,7,2876.2,true,false,true,Web,Tablet,Referral,18-24
830,E,10/29/2025,3/24/2025,10/14/2025,22,5.51,2,1869.65,true,false,false,iOS,Desktop,Referral,35-44
831,C,8/14/2025,6/30/2025,6/5/2025,13,54.44,10,1213.34,false,false,true,Web,Desktop,Referral,45-54
832,E,7/12/2025,9/14/2025,1/2/2025,12,82.5,18,3690.57,true,false,true,Android,Desktop,Referral,55+
833,A,5/16/2025,7/22/2025,9/5/2025,8,146.51,11,4003.91,false,false,false,Android,Desktop,Social Media,45-54
834,E,10/2/2025,1/11/2025,1/8/2025,20,79.92,12,718.72,false,false,false,Android,Desktop,Paid Search,35-44
835,D,7/2/2025,2/9/2025,8/20/2025,15,98.61,17,406.8,false,false,false,Web,Mobile,Referral,35-44
836,C,5/30/2025,1/23/2025,3/12/2025,21,42.85,6,4655.6,false,true,false,iOS,Mobile,Social Media,55+
837,C,5/4/2025,4/28/2025,6/15/2025,20,174.47,8,1079.43,true,true,false,Web,Mobile,Social Media,35-44
838,E,11/22/2025,10/23/2025,4/10/2025,7,82.23,2,3471.7,false,false,true,Web,Mobile,Referral,55+
839,B,11/30/2025,1/5/2025,7/29/2025,14,107.35,6,769.37,true,true,true,iOS,Mobile,Organic,25-34
840,A,8/8/2025,11/8/2025,9/27/2025,15,129.85,14,160.41,false,true,false,Web,Tablet,Referral,18-24
841,B,5/28/2025,10/23/2025,2/20/2025,28,155.3,16,3948.16,false,true,false,Android,Desktop,Referral,35-44
842,D,11/24/2025,2/12/2025,7/13/2025,6,94.64,9,4445.23,false,false,true,Android,Desktop,Paid Search,25-34
843,A,12/6/2025,1/19/2025,5/19/2025,19,174.62,10,4006.81,false,true,false,iOS,Tablet,Organic,55+
844,E,3/31/2025,3/27/2025,10/5/2025,26,40.06,20,2398.46,true,false,false,Web,Mobile,Referral,45-54
845,B,10/17/2025,11/4/2025,5/9/2025,22,33.96,8,4495.29,true,false,true,iOS,Desktop,Paid Search,25-34
846,B,11/26/2025,7/8/2025,11/5/2025,18,64.58,16,3475.97,true,true,true,iOS,Desktop,Organic,55+
847,A,10/24/2025,10/20/2025,9/17/2025,28,82.83,18,3398.39,false,false,false,Web,Desktop,Paid Search,25-34
848,D,7/16/2025,6/10/2025,6/27/2025,17,95.22,5,4733.91,false,false,false,iOS,Mobile,Social Media,18-24
849,B,7/16/2025,3/27/2025,2/10/2025,5,50.94,20,4790.59,true,false,false,Android,Mobile,Paid Search,55+
850,A,9/29/2025,10/7/2025,3/5/2025,8,153.5,0,1472.09,true,false,true,Android,Tablet,Social Media,18-24
851,E,5/2/2025,8/8/2025,12/30/2025,28,10.68,18,970.14,true,true,true,iOS,Tablet,Referral,45-54
852,B,1/9/2025,5/9/2025,11/8/2025,22,99.3,14,4396.54,true,true,true,iOS,Tablet,Organic,55+
853,C,12/30/2025,12/3/2025,11/30/2025,30,138.46,1,2166.34,true,true,true,Android,Mobile,Paid Search,55+
854,D,2/17/2025,8/29/2025,1/26/2025,19,165.85,8,2301.24,true,true,false,iOS,Mobile,Organic,18-24
855,A,2/27/2025,9/8/2025,4/11/2025,21,163.98,5,2295.04,false,false,false,Web,Mobile,Social Media,18-24
856,C,3/21/2025,8/9/2025,7/13/2025,19,42.92,14,237.4,false,true,false,Android,Mobile,Organic,55+
857,C,4/8/2025,4/10/2025,10/20/2025,11,31.83,1,4548.85,true,true,false,Android,Tablet,Paid Search,45-54
858,C,4/18/2025,4/1/2025,4/11/2025,26,21.21,17,1657.09,true,true,false,Web,Mobile,Referral,35-44
859,E,12/9/2025,6/1/2025,3/3/2025,3,23.91,6,1159.39,true,false,true,Web,Tablet,Referral,25-34
860,B,4/12/2025,10/6/2025,11/21/2025,17,46.4,12,1905.5,false,false,true,Web,Tablet,Referral,45-54
861,C,10/20/2025,12/13/2025,1/28/2025,28,95.49,6,2949.59,false,false,false,Android,Desktop,Paid Search,55+
862,C,10/9/2025,7/8/2025,10/22/2025,26,78.96,12,2574.1,false,false,true,Web,Desktop,Social Media,25-34
863,C,2/6/2025,8/21/2025,9/13/2025,7,148.22,2,4513.19,false,true,true,iOS,Desktop,Paid Search,45-54
864,A,12/16/2025,7/20/2025,1/5/2025,23,123.64,15,2363.44,true,false,false,iOS,Tablet,Referral,45-54
865,C,7/11/2025,5/27/2025,1/23/2025,5,10.16,20,1863.4,true,false,true,Android,Mobile,Referral,55+
866,B,5/1/2025,7/14/2025,11/13/2025,14,25.97,17,3832.21,true,false,true,Android,Desktop,Paid Search,18-24
867,B,9/10/2025,1/24/2025,11/1/2025,20,178.45,3,1951.42,true,true,false,iOS,Tablet,Paid Search,25-34
868,E,1/31/2025,7/12/2025,6/26/2025,27,34.06,9,3843.23,false,false,false,Android,Desktop,Social Media,45-54
869,C,10/2/2025,12/8/2025,4/8/2025,5,51.79,14,1190.71,true,true,true,Web,Mobile,Organic,35-44
870,A,1/25/2025,8/22/2025,7/5/2025,7,127.9,19,1937.54,false,true,true,Android,Mobile,Paid Search,45-54
871,D,4/4/2025,9/20/2025,8/1/2025,30,65.71,18,2077.43,true,true,true,Android,Mobile,Paid Search,18-24
872,D,11/6/2025,10/8/2025,7/19/2025,27,44.37,10,284.47,true,true,true,Android,Desktop,Social Media,45-54
873,A,4/16/2025,12/4/2025,4/5/2025,27,8.99,3,397.19,true,false,true,Android,Mobile,Organic,35-44
874,C,3/24/2025,5/17/2025,3/2/2025,7,114.24,17,2021.4,true,true,true,Android,Mobile,Organic,18-24
875,A,4/12/2025,10/27/2025,2/6/2025,6,112.77,15,2766.08,true,true,true,iOS,Desktop,Paid Search,35-44
876,D,3/10/2025,5/1/2025,9/1/2025,4,83.27,9,2879.38,true,false,true,iOS,Mobile,Social Media,55+
877,D,4/14/2025,8/23/2025,11/18/2025,30,30.27,6,2832.71,false,false,true,iOS,Desktop,Organic,25-34
878,D,12/30/2025,1/11/2025,12/8/2025,13,12.23,12,587.97,false,true,false,Web,Tablet,Social Media,35-44
879,A,11/13/2025,8/21/2025,3/3/2025,24,29.51,15,1593.22,true,false,true,Web,Tablet,Referral,45-54
880,C,10/28/2025,5/28/2025,9/9/2025,7,171.38,5,4165.57,true,false,true,Android,Tablet,Social Media,18-24
881,C,8/31/2025,3/13/2025,6/19/2025,17,91.55,16,4222.28,false,false,false,Web,Mobile,Social Media,35-44
882,E,10/17/2025,8/14/2025,4/28/2025,21,18.89,5,146.2,false,false,false,Web,Desktop,Social Media,18-24
883,E,8/2/2025,3/31/2025,4/1/2025,11,162.24,4,4424.04,false,false,false,iOS,Mobile,Organic,18-24
884,E,11/18/2025,2/22/2025,9/22/2025,6,86.56,1,621.66,true,true,true,Android,Mobile,Referral,35-44
885,A,10/12/2025,6/24/2025,7/18/2025,25,144.34,12,4376.7,false,true,false,Web,Desktop,Referral,25-34
886,C,12/14/2025,10/12/2025,5/16/2025,18,12.09,12,2202.38,true,false,false,Android,Mobile,Paid Search,18-24
887,C,3/6/2025,3/19/2025,4/11/2025,6,146.57,8,248.33,false,false,true,Android,Tablet,Referral,25-34
888,D,9/4/2025,3/13/2025,12/22/2025,29,2.38,11,4733.52,true,false,false,Android,Tablet,Paid Search,25-34
889,D,4/16/2025,5/20/2025,3/20/2025,14,170.25,1,2470.02,true,false,false,Android,Mobile,Paid Search,35-44
890,B,10/1/2025,7/26/2025,10/18/2025,1,105.77,19,3035.56,false,false,false,Web,Mobile,Social Media,55+
891,C,1/27/2025,11/11/2025,9/23/2025,22,135.79,10,1620.59,true,true,false,Web,Desktop,Organic,25-34
892,D,10/15/2025,6/24/2025,4/20/2025,5,49.53,4,3348.7,true,false,true,Web,Desktop,Referral,35-44
893,A,6/19/2025,12/1/2025,12/24/2025,8,120.97,5,4293.35,true,false,true,Android,Tablet,Paid Search,55+
894,B,6/1/2025,4/27/2025,2/15/2025,13,119.16,20,730.91,false,false,false,iOS,Mobile,Paid Search,35-44
895,D,12/7/2025,8/11/2025,3/31/2025,11,25.96,18,2912.32,true,true,false,iOS,Desktop,Social Media,35-44
896,B,2/14/2025,3/17/2025,10/7/2025,27,10.01,4,4495.21,false,true,true,Android,Desktop,Paid Search,55+
897,C,10/18/2025,3/9/2025,10/9/2025,2,76.28,14,433.17,true,false,false,iOS,Mobile,Organic,25-34
898,D,7/19/2025,11/22/2025,5/18/2025,17,118.37,4,1785.3,true,true,true,Android,Tablet,Organic,55+
899,C,10/16/2025,1/24/2025,3/28/2025,22,1.61,15,997.03,true,false,false,Web,Desktop,Organic,25-34
900,E,12/23/2025,10/25/2025,12/28/2025,8,111.49,3,2626.27,false,false,true,iOS,Mobile,Organic,45-54
901,C,6/4/2025,1/19/2025,12/23/2025,21,27.43,5,193.27,false,true,false,iOS,Mobile,Organic,18-24
902,E,12/19/2025,12/30/2025,8/18/2025,25,31.4,19,3512.26,true,true,false,iOS,Tablet,Referral,18-24
903,C,1/28/2025,7/21/2025,5/14/2025,9,177.46,17,4409.12,false,false,false,Android,Desktop,Social Media,18-24
904,A,10/30/2025,4/6/2025,4/11/2025,17,11.35,18,2340.63,false,true,false,Web,Tablet,Social Media,55+
905,D,12/18/2025,8/21/2025,7/31/2025,11,43.39,14,4362.65,false,false,false,Android,Tablet,Organic,45-54
906,D,2/10/2025,1/15/2025,8/26/2025,19,52.25,9,118.47,false,true,true,iOS,Tablet,Referral,35-44
907,D,12/2/2025,2/12/2025,1/9/2025,15,26.76,13,3546.9,false,false,true,Web,Desktop,Referral,55+
908,B,5/8/2025,7/31/2025,7/15/2025,18,4.35,2,310.89,false,true,false,Web,Mobile,Social Media,55+
909,E,12/3/2025,9/21/2025,9/27/2025,27,134.18,2,3824.8,false,false,false,iOS,Tablet,Paid Search,18-24
910,E,10/22/2025,2/28/2025,2/1/2025,27,18.43,3,1378.75,true,true,false,Web,Tablet,Social Media,45-54
911,C,8/9/2025,9/2/2025,9/13/2025,8,55.44,4,3893.92,false,false,true,Web,Mobile,Paid Search,25-34
912,A,2/3/2025,8/13/2025,7/29/2025,1,6.74,14,2355.98,true,true,false,iOS,Tablet,Organic,35-44
913,B,5/1/2025,2/5/2025,11/26/2025,17,166.33,1,2593.3,true,true,false,iOS,Tablet,Paid Search,35-44
914,B,3/10/2025,7/22/2025,11/13/2025,19,135.97,5,119.05,true,true,true,iOS,Desktop,Paid Search,18-24
915,A,10/29/2025,3/26/2025,12/14/2025,21,64.51,6,902.96,true,true,true,Android,Tablet,Organic,18-24
916,B,6/24/2025,6/25/2025,9/28/2025,28,119.81,18,867.8,true,false,true,Android,Tablet,Referral,25-34
917,B,11/22/2025,6/9/2025,11/8/2025,19,65.97,4,2124.9,true,false,false,Android,Desktop,Referral,18-24
918,D,6/13/2025,2/2/2025,9/30/2025,1,89.6,17,878.33,false,false,true,Web,Desktop,Referral,25-34
919,C,12/2/2025,3/28/2025,10/1/2025,29,20.5,2,1967.38,false,true,true,iOS,Tablet,Paid Search,18-24
920,C,3/24/2025,1/24/2025,2/14/2025,29,106.62,4,3112.57,false,true,true,iOS,Mobile,Social Media,55+
921,C,6/29/2025,5/1/2025,3/16/2025,24,71.38,18,790.32,false,true,true,Web,Tablet,Paid Search,25-34
922,B,6/2/2025,2/21/2025,2/14/2025,27,131.24,7,2924.16,false,false,true,iOS,Mobile,Organic,25-34
923,B,11/20/2025,9/24/2025,1/9/2025,24,168.16,2,1821.96,false,true,false,Android,Mobile,Paid Search,25-34
924,A,7/21/2025,6/23/2025,2/10/2025,15,60.63,7,4224.34,true,false,true,iOS,Tablet,Paid Search,55+
925,E,3/16/2025,3/1/2025,3/11/2025,17,61.73,5,1336.66,true,true,true,Android,Mobile,Paid Search,35-44
926,E,1/11/2025,1/14/2025,7/13/2025,22,159.27,2,1349.72,false,false,true,Web,Mobile,Paid Search,18-24
927,D,4/25/2025,5/30/2025,11/16/2025,10,7.44,5,1029.49,true,false,false,Android,Mobile,Referral,18-24
928,B,10/19/2025,11/13/2025,9/9/2025,2,129.02,13,4954.35,false,false,false,Android,Mobile,Paid Search,55+
929,C,7/30/2025,1/27/2025,10/16/2025,24,97.89,7,286.92,false,true,false,iOS,Desktop,Social Media,25-34
930,D,8/19/2025,9/25/2025,5/16/2025,9,174.76,9,2858.68,true,true,true,Android,Tablet,Paid Search,35-44
931,C,2/6/2025,9/14/2025,7/29/2025,12,142.16,13,4147.4,false,true,true,iOS,Desktop,Paid Search,18-24
932,B,9/21/2025,10/2/2025,9/28/2025,1,140.19,4,2348.76,true,false,true,iOS,Tablet,Organic,35-44
933,D,1/24/2025,9/21/2025,7/16/2025,17,133.82,5,1283.11,true,true,true,Web,Tablet,Social Media,18-24
934,D,12/10/2025,3/30/2025,8/15/2025,5,126.73,20,1094.32,false,true,true,Android,Mobile,Referral,55+
935,C,11/15/2025,8/7/2025,5/23/2025,12,136.92,18,2614.04,false,false,true,Web,Desktop,Social Media,18-24
936,C,7/1/2025,10/4/2025,2/26/2025,6,114.34,2,1687.34,true,false,true,iOS,Mobile,Referral,35-44
937,E,3/25/2025,11/25/2025,1/3/2025,28,4.09,6,3711.4,true,true,false,iOS,Desktop,Social Media,45-54
938,A,2/10/2025,8/17/2025,11/26/2025,11,122.04,8,2125.23,false,false,false,Android,Desktop,Organic,45-54
939,B,6/13/2025,4/9/2025,12/1/2025,4,135.79,14,2261.03,false,true,false,iOS,Tablet,Paid Search,25-34
940,A,10/19/2025,8/22/2025,12/28/2025,24,18.82,10,4395.19,false,true,true,iOS,Tablet,Organic,45-54
941,E,11/16/2025,11/10/2025,7/12/2025,4,10.99,6,4411.27,true,false,true,iOS,Tablet,Social Media,35-44
942,C,1/27/2025,7/11/2025,4/17/2025,9,38.62,1,3790.92,false,false,false,Web,Tablet,Paid Search,35-44
943,B,1/23/2025,5/2/2025,10/27/2025,3,20.62,2,313.44,false,false,true,iOS,Desktop,Organic,45-54
944,C,5/19/2025,11/22/2025,3/22/2025,1,2.23,7,513.34,true,true,false,iOS,Mobile,Referral,18-24
945,A,9/24/2025,7/17/2025,12/2/2025,23,24.41,19,3185.12,false,false,true,Web,Desktop,Organic,25-34
946,B,9/24/2025,8/5/2025,7/14/2025,9,73.11,16,2942.08,true,false,true,Web,Tablet,Referral,45-54
947,D,9/20/2025,3/29/2025,5/30/2025,13,171.96,0,2652.87,false,true,false,iOS,Desktop,Organic,18-24
948,E,8/12/2025,7/11/2025,12/27/2025,21,67.9,13,1029.12,true,false,true,Android,Mobile,Referral,45-54
949,C,2/5/2025,3/13/2025,2/4/2025,9,124.05,19,4821.94,false,false,false,Android,Tablet,Social Media,35-44
950,B,10/3/2025,6/20/2025,3/24/2025,10,37.38,7,2611.83,false,true,true,Web,Mobile,Referral,55+
951,C,12/6/2025,2/26/2025,3/30/2025,27,92.39,19,975.77,true,false,true,Android,Tablet,Social Media,35-44
952,A,8/21/2025,12/29/2025,3/24/2025,6,83.09,18,843.86,true,false,true,iOS,Desktop,Referral,55+
953,A,3/12/2025,7/2/2025,10/2/2025,9,20.75,20,350.59,true,false,false,Android,Desktop,Paid Search,45-54
954,C,3/27/2025,10/15/2025,2/18/2025,20,6.65,11,1817.96,false,true,false,iOS,Mobile,Organic,25-34
955,D,6/20/2025,2/27/2025,4/18/2025,17,152.61,14,3042.01,false,false,false,Android,Tablet,Referral,25-34
956,E,6/16/2025,8/20/2025,1/8/2025,7,172.66,14,3965.06,true,true,false,Android,Mobile,Social Media,18-24
957,D,2/25/2025,12/27/2025,9/1/2025,12,154.09,13,4038.76,false,true,false,iOS,Mobile,Referral,55+
958,E,2/8/2025,5/26/2025,1/22/2025,3,5.26,14,2390.33,false,false,true,Web,Tablet,Paid Search,55+
959,D,5/24/2025,9/26/2025,5/28/2025,9,172.54,16,209.79,true,false,false,Android,Tablet,Paid Search,25-34
960,B,3/28/2025,6/9/2025,8/26/2025,22,36.06,19,4772.03,true,false,false,iOS,Tablet,Organic,55+
961,D,9/28/2025,10/8/2025,10/19/2025,20,75.57,16,2504.59,false,true,true,iOS,Tablet,Organic,25-34
962,E,11/10/2025,9/2/2025,8/7/2025,23,150.98,20,3475.59,false,false,true,Web,Desktop,Social Media,45-54
963,D,11/18/2025,2/8/2025,3/27/2025,18,79.27,16,4871.43,true,false,false,Web,Mobile,Organic,35-44
964,D,5/28/2025,1/23/2025,10/21/2025,2,12.97,6,1772.42,false,true,false,Android,Tablet,Paid Search,45-54
965,A,10/8/2025,10/15/2025,8/31/2025,8,113.95,18,443.01,false,false,true,Android,Desktop,Paid Search,18-24
966,A,6/25/2025,12/17/2025,8/16/2025,11,31.02,4,1477.25,true,true,false,iOS,Mobile,Organic,35-44
967,E,5/4/2025,1/2/2025,2/9/2025,19,44.51,12,3723.38,false,false,false,Web,Mobile,Referral,35-44
968,D,5/2/2025,10/27/2025,5/15/2025,13,106.59,1,4426.63,false,true,true,Web,Mobile,Paid Search,45-54
969,A,11/27/2025,7/22/2025,2/7/2025,30,177.09,20,177.29,false,false,false,iOS,Tablet,Paid Search,45-54
970,C,6/24/2025,12/15/2025,4/20/2025,30,119.11,19,2160.32,false,true,false,iOS,Tablet,Social Media,55+
971,B,10/3/2025,1/8/2025,5/27/2025,5,119.47,12,930.23,true,true,true,Android,Desktop,Paid Search,35-44
972,A,6/5/2025,6/4/2025,10/8/2025,19,4.8,8,3836.12,false,false,false,iOS,Tablet,Organic,55+
973,B,5/6/2025,4/2/2025,11/11/2025,6,142.84,20,2658.21,true,true,false,iOS,Desktop,Social Media,45-54
974,D,1/19/2025,12/16/2025,9/15/2025,17,122.34,10,2950.33,true,false,false,Web,Tablet,Social Media,25-34
975,C,12/25/2025,8/19/2025,4/27/2025,15,50.45,8,2651.04,false,true,false,Android,Tablet,Organic,25-34
976,C,11/19/2025,6/15/2025,6/7/2025,7,96.4,12,2267.97,true,false,false,iOS,Desktop,Social Media,25-34
977,B,12/28/2025,9/24/2025,4/6/2025,27,172.35,7,2504.28,true,true,false,iOS,Desktop,Paid Search,25-34
978,A,4/18/2025,4/7/2025,2/26/2025,24,47.18,14,2114.55,false,true,true,Web,Desktop,Organic,25-34
979,C,11/23/2025,4/16/2025,7/17/2025,17,30.4,18,1434.18,false,true,false,iOS,Mobile,Social Media,35-44
980,A,8/17/2025,8/26/2025,3/26/2025,7,61.56,8,1378.95,true,false,true,iOS,Desktop,Social Media,45-54
981,A,6/23/2025,7/14/2025,7/20/2025,5,172.64,5,2615.98,true,true,true,Android,Mobile,Social Media,45-54
982,D,10/23/2025,5/17/2025,9/28/2025,16,118.6,14,2542.66,true,true,false,Web,Tablet,Paid Search,18-24
983,B,8/31/2025,7/7/2025,10/16/2025,5,61.47,18,3017.85,true,false,true,Web,Mobile,Referral,35-44
984,D,6/30/2025,6/23/2025,1/30/2025,18,134.85,5,1427.64,false,false,false,Android,Desktop,Organic,18-24
985,E,3/11/2025,3/13/2025,9/14/2025,7,26.83,10,2081.96,false,false,false,Web,Desktop,Referral,45-54
986,E,8/19/2025,3/17/2025,8/31/2025,22,63.86,5,938.56,false,false,true,Android,Mobile,Organic,55+
987,A,10/22/2025,11/3/2025,7/25/2025,25,129.14,4,1697.03,false,false,false,Android,Tablet,Referral,25-34
988,C,11/8/2025,7/19/2025,1/21/2025,20,77.44,5,2308.82,true,true,false,Web,Tablet,Social Media,55+
989,E,7/27/2025,10/16/2025,5/25/2025,9,63.28,11,1677.14,true,true,false,iOS,Desktop,Referral,45-54
990,E,9/7/2025,2/15/2025,12/20/2025,26,72.04,13,4509.65,false,true,true,Android,Mobile,Social Media,55+
991,D,6/8/2025,11/4/2025,1/12/2025,9,29.71,19,3824.2,true,true,false,Web,Desktop,Referral,45-54
992,A,1/22/2025,9/14/2025,8/28/2025,19,29.0,13,872.04,true,false,true,iOS,Mobile,Referral,55+
993,D,1/23/2025,1/22/2025,7/17/2025,2,94.29,19,2798.52,false,true,false,Android,Mobile,Referral,25-34
994,E,4/11/2025,5/2/2025,4/3/2025,2,129.02,12,2273.71,true,true,true,Android,Mobile,Social Media,45-54
995,D,9/20/2025,5/9/2025,8/7/2025,11,107.65,7,4549.13,true,false,true,Web,Mobile,Referral,25-34
996,D,10/9/2025,5/17/2025,10/15/2025,12,46.54,11,281.32,true,true,false,iOS,Desktop,Organic,55+
997,E,5/10/2025,12/18/2025,6/25/2025,10,101.22,8,2086.38,false,false,false,iOS,Mobile,Referral,35-44
998,C,9/7/2025,2/9/2025,4/27/2025,23,5.76,11,3418.04,true,true,true,Android,Desktop,Social Media,25-34
999,B,6/15/2025,2/18/2025,2/24/2025,26,48.38,20,371.0,false,true,false,iOS,Mobile,Social Media,45-54
1000,A,2/7/2025,4/10/2025,10/19/2025,15,3.22,20,3785.08,false,true,true,iOS,Tablet,Paid Search,25-34
